country,year,GDP,Population,Life_Expectancy,Inflation,Unemployment,School_Enrollment,GDP_per_capita
Bangladesh,1980,18138049095.6072,88016432,52.278,,,,206.075714312155
Bangladesh,1981,20249694002.448,90303105,52.638,,,68.55957,224.241392391192
Bangladesh,1982,18525399201.5968,92814507,53.012,,,,199.595944646851
Bangladesh,1983,17609048821.5488,95335155,53.441,,,65.58304,184.70677287459
Bangladesh,1984,18920840000.0,97814966,53.826,,,64.46519,193.435020976238
Bangladesh,1985,22278423076.9231,100253825,53.937,,,62.89953,222.22018039634
Bangladesh,1986,21774033333.3333,102635572,54.592,,,62.08812,212.14899385306
Bangladesh,1987,24298032258.0645,104959291,54.899,9.87469609126633,,61.20893,231.499584520483
Bangladesh,1988,26579005558.3652,107216008,55.174,7.41276595744666,,71.93169,247.901465967332
Bangladesh,1989,28781715188.8919,109433799,55.514,6.04547975596244,,71.90344,263.005720827547
Bangladesh,1990,31598340778.2164,111633717,55.822,6.12671846981458,,74.92288,283.053737055234
Bangladesh,1991,30957483949.5798,113787109,53.781,6.35736412278234,2.2,,272.064948495878
Bangladesh,1992,31708874594.1645,115952192,56.592,3.63407691798491,2.233,,273.465072520272
Bangladesh,1993,33166519417.9894,118132360,57.073,3.01481859989799,2.31,,280.757274450366
Bangladesh,1994,33768660882.793,120343179,57.64,5.31374007936498,2.37,,280.603031791216
Bangladesh,1995,37939748768.6567,122600370,58.244,10.2978117947206,2.441,,309.458680823367
Bangladesh,1996,46438484107.5795,124862179,58.94,2.37712902953223,2.51,,371.917937677345
Bangladesh,1997,48244309133.4895,127198069,59.671,5.30560105668802,2.698,,379.284917709635
Bangladesh,1998,49984559471.3656,129622332,60.429,8.40223795613228,2.893,,385.616881752796
Bangladesh,1999,51270569883.5275,132108065,61.244,6.10669589841958,3.088,,388.095684268235
Bangladesh,2000,53369787318.6245,134544304,62.049,2.20825620937535,3.27,,396.670730249751
Bangladesh,2001,53991289844.3291,136805810,62.836,2.0071737421384,3.609,,394.65641001891
Bangladesh,2002,54724081490.5102,138933658,63.591,3.33256493271913,3.966,,393.886422327628
Bangladesh,2003,60158929188.2556,140970351,64.288,5.66870773441476,4.32,,426.74880754362
Bangladesh,2004,65108544250.0425,142902856,64.912,7.5875363850469,4.316,,455.614016909798
Bangladesh,2005,69476001239.419,144715786,65.509,7.04661816222039,4.25,93.68999,480.08585075452
Bangladesh,2006,71795736172.1561,146405973,66.048,6.76526117054757,3.591,93.43051,490.388026533289
Bangladesh,2007,79611644974.5571,147989278,66.458,9.10698496905383,4.015,,537.955492792911
Bangladesh,2008,91636997370.9772,149474264,67.047,8.90194489465154,4.49,92.56719,613.06204104124
Bangladesh,2009,102475158190.998,150873714,67.527,5.42347236174679,5.0,92.54123,679.211477428056
Bangladesh,2010,115275540051.262,152201981,68.009,8.12667639169917,3.379,90.53203,757.385280361508
Bangladesh,2011,128607482310.357,153591076,68.499,11.3951651552399,3.737,,837.336944695647
Bangladesh,2012,133310747603.483,155070101,68.989,6.21750422069284,4.07,,859.680536375497
Bangladesh,2013,149998957434.186,156532141,69.487,7.53040640913172,4.426,,958.262989798283
Bangladesh,2014,172886611653.786,157964929,70.016,6.99163889220849,4.417,,1094.46199702838
Bangladesh,2015,195146608978.131,159383179,70.543,6.19428022984984,4.397,,1224.38647668165
Bangladesh,2016,265224515675.034,160811932,71.075,5.51352572692995,4.35,,1649.28380858601
Bangladesh,2017,293732446624.596,162186147,71.606,5.70207015717239,4.372,,1811.08221668646
Bangladesh,2018,321362752441.78,163523103,72.122,5.54362139486476,4.439,,1965.24372731467
Bangladesh,2019,351231654603.692,164913055,72.625,5.59199639930629,4.504,,2129.79896954606
Bangladesh,2020,373979442362.193,166298024,71.421,5.69107474746211,5.539,,2248.85078828233
Bangladesh,2021,416271647911.014,167658854,71.103,5.54565430773473,5.457,,2482.84917843357
Bangladesh,2022,460131689083.083,169384897,74.265,7.69695437176898,4.593,,2716.48592780431
Bangladesh,2023,437415333018.291,171466990,74.672,9.8835030377921,3.352,,2551.01773827307
Bangladesh,2024,450119432068.852,173562364,74.93,10.4657482763412,3.635,,2593.41611680774
Bangladesh,2025,456319229255.578,175686899,,8.7687628116114,3.778,,2597.34352335275
China,1980,191487500000.0,981235000,64.243,,,,195.149479992051
China,1981,196218253968.254,993885000,64.778,,,,197.425510967822
China,1982,205480916030.534,1008630000,65.249,,,,203.722788366928
China,1983,231130268199.234,1023310000,65.728,,,,225.86534696156
China,1984,260442857142.857,1036825000,66.148,,,,251.192686463827
China,1985,310064625850.34,1051040000,66.532,,,,295.007445815897
China,1986,301310144927.536,1066790000,66.887,,,,282.445603096707
China,1987,273455156950.673,1084035000,67.263,7.23383553065609,,92.8452,252.256760114454
China,1988,312888888888.889,1101630000,67.607,18.8118179448753,,94.5802,284.023573149686
China,1989,348380566801.619,1118650000,67.93,18.2456383621648,,96.13547,311.429461227032
China,1990,361560229445.507,1135185000,68.155,3.05229012075233,,96.87553,318.50335359039
China,1991,384510452961.672,1150780000,68.61,3.55668565220452,2.37,96.82433,334.130288119078
China,1992,428502354788.069,1164970000,69.059,6.35398134024869,2.37,95.8694,367.822651903542
China,1993,446557291212.148,1178440000,69.492,14.6100786356602,2.69,94.73328,378.939353053314
China,1994,566929539493.172,1191835000,69.835,24.2569897243361,2.9,93.10675,475.677874448369
China,1995,738190896227.55,1204855000,70.363,16.7912268492666,3.0,91.30103,612.680277898627
China,1996,868523936530.083,1217550000,70.823,8.3131587270211,3.12,90.04399,713.337387811657
China,1997,967753570434.667,1230075000,71.227,2.78646505531882,3.23,89.34889,786.743548510999
China,1998,1037134141760.35,1241935000,71.601,-0.773186011549318,3.24,,835.095348597432
China,1999,1103843203575.64,1252735000,71.952,-1.40147268276465,3.25,,881.146614068925
China,2000,1223754919971.05,1262645000,72.288,0.347811226864587,3.26,,969.199513696287
China,2001,1355036590251.52,1271850000,72.675,0.719125609120114,3.8,,1065.40597574519
China,2002,1489821682050.54,1280400000,73.034,-0.731970902350244,4.24,,1163.55957673426
China,2003,1683903309843.85,1288400000,73.385,1.12760348729637,4.58,,1306.97245408557
China,2004,1984196551300.44,1296075000,73.727,3.82463743108159,4.49,,1530.92726215723
China,2005,2317551298052.05,1303720000,74.085,1.77641407667571,4.52,,1777.64496828464
China,2006,2791498472804.33,1311020000,74.404,1.6494309945586,4.43,,2129.25696999613
China,2007,3604055822571.63,1317885000,74.789,4.81676767378834,4.35,,2734.72709877693
China,2008,4667346414521.95,1324655000,74.833,5.92525137041092,4.59,,3523.44302065213
China,2009,5189577094997.58,1331260000,75.317,-0.728165250932898,4.72,,3898.24459158811
China,2010,6192564874453.29,1337705000,75.668,3.17532475269199,4.53,,4629.24551710077
China,2011,7671757207851.29,1345035000,75.889,5.55389892257493,4.55,,5703.76027973346
China,2012,8673664713189.24,1354190000,76.2,2.61952432645541,4.58,,6405.0574241349
China,2013,9743124247267.24,1363240000,76.452,2.62105001748115,4.6,,7147.03518622344
China,2014,10674533168257.4,1371860000,76.714,1.92164162788521,4.63,,7781.06597484974
China,2015,11280814787468.9,1379860000,76.975,1.43702380935655,4.65,,8175.33285077393
China,2016,11456024084962.0,1387790000,77.214,2.00000182191943,4.56,,8254.86859320357
China,2017,12537559062282.9,1396215000,77.235,1.59313600071436,4.47,,8979.67652709856
China,2018,14147765772963.8,1402760000,77.709,2.07479039965576,4.31,,10085.6638148819
China,2019,14560167101283.4,1407745000,77.94,2.89923416358227,4.56,,10342.9009524335
China,2020,14996414166715.1,1411100000,78.019,2.41942189457782,5.0,,10627.4637989619
China,2021,18201698719564.0,1412360000,78.117,0.981015135544882,4.55,,12887.4357242941
China,2022,18316765021690.2,1412175000,78.202,1.97357555739051,4.98,,12970.6056414327
China,2023,18270356654533.2,1410710000,77.953,0.234836828893051,4.67,,12951.1782397043
China,2024,18729668435848.0,1408975000,78.017,0.218128938439177,4.59,,13293.1162269366
China,2025,19498039388042.6,1406585000,,0.0595646916565403,4.615,,13861.970224368
India,1980,186328579302.068,687354025,53.593,11.3460734795095,,,271.080945953678
India,1981,193491368445.573,703696250,54.173,13.112546897642,,,274.964330768528
India,1982,200715624830.902,720313473,54.735,7.89074279377487,,,278.65038258267
India,1983,218262146413.158,737372681,55.283,11.8680812986734,,,295.999773299382
India,1984,212157645177.652,754875449,55.813,8.31890711860072,,,281.049867840717
India,1985,232511554840.372,772647793,56.324,5.55642423236554,,,300.928258576378
India,1986,248985994040.59,790689978,56.819,8.72972072702581,,,314.897116402542
India,1987,279033584092.223,808931270,57.291,8.80112581251833,,,344.941028293075
India,1988,296589670895.932,827342990,57.744,9.38347186185336,,,358.484539641693
India,1989,296042052944.66,846039529,58.196,7.07428002942296,,,349.915155021864
India,1990,320979026420.035,864972221,58.618,8.97123250273255,,77.12007,371.085936203765
India,1991,270105341879.226,883927600,59.032,13.8702461773683,7.641,,305.574055928592
India,1992,288208070278.013,902957070,59.445,11.7878170418134,7.649,,319.182472626315
India,1993,279295648982.529,922118387,59.823,6.32689048779867,7.662,,302.884806246174
India,1994,327274843459.429,941163767,60.237,10.2479355556119,7.593,,347.73421473994
India,1995,360281909643.489,960301044,60.63,10.2248861637545,7.57,,375.17600537305
India,1996,392896866204.516,979678458,61.027,8.97715233826453,7.537,,401.046754673579
India,1997,415867563592.829,999133762,61.439,7.16425211462721,7.574,,416.228116203753
India,1998,421351317224.941,1018665080,61.852,13.2308389767977,7.596,,413.630864056851
India,1999,458821052615.79,1038225823,62.284,4.6698203803759,7.583,,441.927991436397
India,2000,468395521654.458,1057922733,62.749,4.0094359104519,7.589,79.50755,442.750218937263
India,2001,485440139204.171,1077898575,63.158,3.77929312235637,7.611,79.37586,450.357900514128
India,2002,514939140318.756,1097600380,63.649,4.29715203929562,7.681,78.99802,469.149928973927
India,2003,607700687237.318,1116803006,64.086,3.80585899528853,7.633,83.57377,544.143133545002
India,2004,709152728830.775,1135991513,64.484,3.76725173477517,7.598,,624.258826510066
India,2005,820383763511.445,1154676322,64.939,4.24634362031924,7.551,,710.488080408949
India,2006,940259888787.721,1172878890,65.373,5.79652337561634,7.553,,801.668353659022
India,2007,1216736438834.96,1190676021,65.803,6.37288135593231,7.562,91.12498,1021.88707706826
India,2008,1198895139005.92,1207930964,66.247,8.34926704907575,7.629,90.8729,992.519584923828
India,2009,1341888016994.9,1225524753,66.7,10.8823529411764,7.636,90.65366,1094.94974598436
India,2010,1675615519484.96,1243481564,67.162,11.9893899204245,7.631,90.95531,1347.51939071367
India,2011,1823051829894.55,1261224954,67.623,8.9117933648336,7.609,90.37191,1445.46127486037
India,2012,1827637590410.41,1278674502,68.076,9.47899691419793,7.645,91.57155,1429.32199520032
India,2013,1856721507621.58,1295829511,68.499,10.0178784746104,7.678,92.25734,1432.84397512195
India,2014,2039126479154.52,1312277191,68.932,6.66565671867899,7.656,,1553.88396075118
India,2015,2103588360044.94,1328024498,69.326,4.90697344127249,7.629,,1583.99815907985
India,2016,2294796885663.16,1343944296,69.709,4.94821634062134,7.611,,1707.50892912243
India,2017,2651474262755.45,1359657400,70.068,3.32817337461305,7.626,,1950.10468280866
India,2018,2702929641648.74,1374659064,70.415,3.93882646691643,7.652,,1966.25455171679
India,2019,2835606256558.19,1389030312,70.746,3.72950573539123,6.51,,2041.42863698585
India,2020,2674851578587.27,1402617695,70.156,6.6234367762853,7.859,,1907.04251637669
India,2021,3167270623260.47,1414203896,67.282,5.13140747176364,6.38,,2239.61384367482
India,2022,3249938492013.47,1425423212,71.698,6.69903414079858,4.822,,2279.98145719369
India,2023,3500906030644.76,1438069596,72.003,5.64914318907925,4.172,,2434.44826340989
India,2024,3760813470500.86,1450935791,72.235,4.95303550973661,4.173,,2591.9916607122
India,2025,3956067115771.63,1463865525,,2.39884954182294,4.219,,2702.47987141553
Indonesia,1980,72482337397.4439,148950540,58.701,18.035422125313,,,486.620172021155
Indonesia,1981,85518233419.0479,152485035,59.096,12.2659075874853,,90.12354,560.830336032961
Indonesia,1982,90158449294.9921,156052152,59.7,9.44542534921144,,96.03236,577.745632722784
Indonesia,1983,81052283383.7155,159651381,60.343,11.7997382076652,,97.42245,507.682945653414
Indonesia,1984,84853700027.651,163251124,60.891,10.4550392231412,,97.70897,519.774063103241
Indonesia,1985,85289488375.4435,166776185,61.387,4.72453518543398,,97.82536,511.400883618027
Indonesia,1986,79954072544.5279,170175065,61.736,5.82266576732484,,97.21808,469.834241253429
Indonesia,1987,75929617557.7521,173511154,62.087,9.27865406602839,,98.05198,437.60655039936
Indonesia,1988,84300174485.7973,176855065,62.386,8.04535671530907,,97.76875,476.662483405818
Indonesia,1989,94451427876.6628,180201630,62.883,6.41554079916364,,97.87723,524.143027322576
Indonesia,1990,106140727333.636,183501098,63.249,7.81919756505635,,96.23255,578.420121135382
Indonesia,1991,116621996217.133,186778238,63.703,9.41906784347004,2.617,95.32152,624.387495384411
Indonesia,1992,128026966579.964,190043744,64.182,7.52351006242677,2.734,94.45806,673.67103954742
Indonesia,1993,158006700301.533,193305168,64.851,9.6719108926401,2.782,93.25455,817.395116417856
Indonesia,1994,176892143931.505,196591828,65.041,8.53199829189143,4.366,93.78734,899.793982949817
Indonesia,1995,202132028723.115,199888057,65.263,9.42030300572996,4.611,93.61081,1011.22614205568
Indonesia,1996,227369679374.973,203204348,65.465,7.97328096513346,4.861,92.51603,1118.92133024129
Indonesia,1997,215748998609.635,206536095,65.774,6.22615154887214,4.684,92.46189,1044.60674832472
Indonesia,1998,95445547872.715,209826788,65.942,58.4510413515526,5.459,,454.877800792123
Indonesia,1999,140001351215.462,213004668,66.001,20.4778324428892,6.358,,657.268934667018
Indonesia,2000,165021012077.81,216077790,66.292,3.68862037056682,6.077,,763.711124950924
Indonesia,2001,160446947784.909,219097902,66.583,11.5001160550887,6.082,91.94318,732.307093405708
Indonesia,2002,195660611165.183,222088495,66.954,11.9001200338414,6.604,91.32723,881.002913569131
Indonesia,2003,234772463823.808,225048008,67.134,6.75731256333564,6.657,90.64128,1043.2105838671
Indonesia,2004,256836875295.452,227926649,65.521,6.06406189133648,7.303,89.73712,1126.84004447173
Indonesia,2005,285868619196.085,230871650,67.531,10.4532001873347,7.945,88.93075,1238.21447629488
Indonesia,2006,364570515618.357,233951652,67.664,13.108670985346,7.551,91.79173,1558.31562847163
Indonesia,2007,432216737774.861,237062337,67.914,6.40656087966005,8.06,93.81578,1823.21976255073
Indonesia,2008,510228634992.258,240157903,68.085,10.2266663272483,7.208,93.13418,2124.55483920618
Indonesia,2009,539580085612.401,243220028,68.267,4.38641311792074,6.106,93.76106,2218.48541852977
Indonesia,2010,755094157621.936,246305322,68.364,5.13420639015885,5.614,94.22952,3065.68348377765
Indonesia,2011,892969104563.171,249470032,68.629,5.35604849112582,5.153,93.73808,3579.46442466152
Indonesia,2012,917869913332.649,252698525,68.862,4.2795142691943,4.468,92.85318,3632.27254030331
Indonesia,2013,912524136718.018,255852467,69.064,6.41249457900391,4.336,90.5756,3566.60284506078
Indonesia,2014,890814755533.537,258877399,69.292,6.39492882396559,4.049,90.00059,3441.06808464008
Indonesia,2015,860854232686.214,261799249,69.52,6.36312061196646,4.514,,3288.22269725538
Indonesia,2016,931877364037.698,264627418,69.733,3.52580452815451,4.301,92.77266,3521.46943457574
Indonesia,2017,1015618744159.73,267346658,69.953,3.80879857691949,3.783,94.09782,3798.88326174526
Indonesia,2018,1042271532988.63,269951846,70.08,3.19834755924996,4.387,93.4963,3860.95353090726
Indonesia,2019,1119099871350.2,272489381,70.349,3.03058460941661,3.59,,4106.94856160358
Indonesia,2020,1059054842698.48,274814866,68.817,1.91983527270793,4.255,,3853.70288774146
Indonesia,2021,1186509691086.73,276758053,67.452,1.56007882983334,3.827,,4287.17313995098
Indonesia,2022,1319101183380.15,278830529,70.925,4.20946463714784,3.462,,4730.83484836107
Indonesia,2023,1371166925749.88,281190067,71.146,3.66938654859761,3.308,,4876.2992959843
Indonesia,2024,1396301788461.69,283487931,71.288,2.18151273615189,3.301,,4925.43644992666
Indonesia,2025,1445642584163.81,285721236,,1.9133344329508,3.237,,5059.62596411213
"Iran, Islamic Rep.",1980,94362275580.0229,39842324,58.369,20.6439144373798,,,2368.39285730478
"Iran, Islamic Rep.",1981,100499312749.923,41989312,56.625,24.2035897624486,,,2393.44985576145
"Iran, Islamic Rep.",1982,125948756439.485,44272141,57.633,18.6897259269564,,,2844.87611384065
"Iran, Islamic Rep.",1983,156365156618.241,46029535,58.518,19.7401891778611,,,3397.06140021273
"Iran, Islamic Rep.",1984,162276728619.519,47793998,60.875,12.5402194538868,,83.18713,3395.33697556582
"Iran, Islamic Rep.",1985,180183629599.684,49582289,61.537,4.38934095741541,,83.3176,3634.03209560745
"Iran, Islamic Rep.",1986,209094561833.48,51446045,62.136,18.4290030211474,,84.19432,4064.34667297515
"Iran, Islamic Rep.",1987,134009995923.169,53323493,62.685,28.5714285714292,,84.43713,2513.15111564745
"Iran, Islamic Rep.",1988,123057861333.908,55072694,63.255,28.6706349206345,,85.16197,2234.46235141335
"Iran, Islamic Rep.",1989,120496362916.271,56704914,65.314,22.3496530454896,,85.4723,2124.97214820344
"Iran, Islamic Rep.",1990,124813263926.225,58380092,64.066,7.62767493763934,,91.44414,2137.94222739877
"Iran, Islamic Rep.",1991,131637664958.014,59986931,66.233,17.1285679434012,11.1,,2194.43906803657
"Iran, Islamic Rep.",1992,119768691216.667,61184983,66.653,25.8077226162332,10.653,95.09933,1957.48507794252
"Iran, Islamic Rep.",1993,63743623232.012,61403543,67.037,21.2026307547761,10.573,,1038.10985682067
"Iran, Islamic Rep.",1994,71841461172.5964,61520598,67.49,31.4470284237728,10.458,,1167.76272513795
"Iran, Islamic Rep.",1995,96419225743.6737,62205567,67.904,49.6559858462746,9.904,,1550.0095955025
"Iran, Islamic Rep.",1996,120403931885.441,62881300,68.328,28.9373440168137,9.1,,1914.78121294313
"Iran, Islamic Rep.",1997,113919163421.155,63639638,68.649,17.3492257538708,9.68,91.55973,1790.06617575598
"Iran, Islamic Rep.",1998,110276913362.508,64519859,69.214,17.8661342130398,10.358,,1709.19334096046
"Iran, Islamic Rep.",1999,113848450088.351,65445391,69.686,20.0707078146866,11.176,85.42788,1739.59462001458
"Iran, Islamic Rep.",2000,109591707802.216,66418659,70.166,14.4767513188567,11.698,86.13483,1650.01385833785
"Iran, Islamic Rep.",2001,126878750295.944,67452005,70.619,11.2742471332117,12.362,,1881.02266635283
"Iran, Islamic Rep.",2002,128626917503.72,68011317,71.112,14.3359337378404,12.8,97.12907,1891.25756091033
"Iran, Islamic Rep.",2003,151911222119.488,68769340,70.464,16.4680116244792,11.529,96.04654,2208.99636552406
"Iran, Islamic Rep.",2004,187754571247.666,70256316,72.04,14.7615086970672,10.3,97.76144,2672.4226651404
"Iran, Islamic Rep.",2005,224970371324.67,71828455,72.446,13.433118008508,11.813,95.32962,3132.0508192007
"Iran, Islamic Rep.",2006,265602187403.643,73392747,72.895,10.0158982511924,11.519,95.87482,3618.91601364428
"Iran, Islamic Rep.",2007,349736591832.418,74602648,73.299,17.3410404624277,10.772,95.12881,4687.99166260718
"Iran, Islamic Rep.",2008,406070949553.875,75514204,73.683,25.4105090311987,10.63,,5377.4115072957
"Iran, Islamic Rep.",2009,414059094949.063,76457825,74.041,13.5515548281506,12.113,97.70461,5415.52280553446
"Iran, Islamic Rep.",2010,487069570463.768,77420842,74.39,10.0893629287979,13.679,96.5537,6291.19443655454
"Iran, Islamic Rep.",2011,629082257472.368,78383598,74.721,26.2933856738608,12.491,96.70394,8025.68743364356
"Iran, Islamic Rep.",2012,644019315003.54,79370580,75.039,27.2568127242908,12.275,97.93445,8114.08099831877
"Iran, Islamic Rep.",2013,500399839839.877,80414686,75.349,36.6030355191029,10.595,98.63946,6222.74194840326
"Iran, Islamic Rep.",2014,462284793280.825,81502045,75.635,16.6065532357449,10.68,99.52212,5672.06372896319
"Iran, Islamic Rep.",2015,409191686496.677,82619362,75.907,12.4846815611533,11.166,99.69128,4952.73355532178
"Iran, Islamic Rep.",2016,478618064870.999,83812228,76.155,7.24542548952979,12.618,99.70946,5710.59947089104
"Iran, Islamic Rep.",2017,510239893417.645,85026754,76.396,8.04492437660278,12.232,99.70291,6000.93346404409
"Iran, Islamic Rep.",2018,411903303606.044,86117998,76.621,18.0141183371874,12.195,,4783.01067340237
"Iran, Islamic Rep.",2019,347988400957.999,87051648,76.855,39.9073455697784,10.74,,3997.4935449585
"Iran, Islamic Rep.",2020,280934329279.723,87723443,74.141,30.5941390387295,9.687,,3202.50003502169
"Iran, Islamic Rep.",2021,407350685583.335,88455488,73.752,43.3890162681514,9.282,,4605.14881318992
"Iran, Islamic Rep.",2022,422662261525.665,89524246,76.799,43.4884641742179,9.085,,4721.20437099984
"Iran, Islamic Rep.",2023,457510482317.483,90608707,77.654,44.5791857572797,8.129,,5049.29931642754
"Iran, Islamic Rep.",2024,475252089215.416,91567738,77.854,32.455871402917,8.146,,5190.16959024821
"Iran, Islamic Rep.",2025,362682115433.364,92417681,,42.1712244965444,8.301,,3924.38017821898
Iraq,1980,52569000000.0,13591992,60.916,,,93.51063,3867.64500744262
Iraq,1981,37823000000.0,14006381,58.652,,,92.72885,2700.41204790874
Iraq,1982,42382333333.3333,14406083,58.977,,,,2941.9748125381
Iraq,1983,40712903225.8064,14840555,59.287,,,88.39691,2743.35449218755
Iraq,1984,46938387096.7742,15310733,59.544,,,,3065.7178266236
Iraq,1985,48425161290.3226,15683430,59.8,,,87.40411,3087.66394151806
Iraq,1986,47264516129.0323,16074145,60.031,,,88.10204,2940.40623181091
Iraq,1987,56774193548.3871,16521049,60.259,,,89.86442,3436.4763126353
Iraq,1988,62684516129.0323,16908819,56.692,,,90.97534,3707.20841763297
Iraq,1989,65831935483.871,17364542,57.501,,,89.92145,3791.17027583399
Iraq,1990,180408064516.129,17581206,57.587,,,,10261.4157706888
Iraq,1991,407796349.663785,17767253,61.338,180.952380952381,8.639,,22.9521327615352
Iraq,1992,553671957.671958,18300845,65.344,83.6158192090389,8.346,,30.2539012636825
Iraq,1993,1031944881.13189,19201195,65.31,207.692307692309,8.36,78.60533,53.7437842348819
Iraq,1994,3991349282.75729,20139807,65.027,448.499999999999,8.221,,198.182101881974
Iraq,1995,12894029888.1122,20825860,64.761,387.310847766639,8.431,,619.135530927038
Iraq,1996,10433698621.3427,21501321,64.618,-16.1173257510572,8.516,76.13983,485.258492784825
Iraq,1997,20764857056.3795,22176593,64.241,23.0631996788727,8.269,,936.341170908421
Iraq,1998,20617405044.2425,22884399,64.405,14.7687735575529,8.064,,900.937142559106
Iraq,1999,36881601583.8194,23636527,64.532,12.5777623393436,7.979,90.0423,1560.36466710272
Iraq,2000,48364250943.9051,24424056,64.86,4.97896213183731,8.038,88.89713,1980.18916038782
Iraq,2001,36176430128.8057,25197840,65.292,16.3740814963262,8.249,,1435.695683789
Iraq,2002,32928454672.4246,26006559,65.724,19.316694601979,8.619,,1266.15961275094
Iraq,2003,21921569478.8163,26802659,64.834,33.6162105992383,8.959,94.37695,817.887862499622
Iraq,2004,36633669269.3981,27577878,64.634,26.9619068193271,8.715,92.99956,1328.37157628292
Iraq,2005,50065104667.8159,28407448,64.899,36.9594809201871,8.57,,1762.39360423421
Iraq,2006,65147051918.0219,28616515,64.029,53.230962911428,8.411,,2276.55435744086
Iraq,2007,88837057319.5179,28391607,64.428,-10.0674925768978,8.646,92.79598,3128.99010329066
Iraq,2008,131614434153.505,28971036,66.465,12.6628528269228,8.466,,4542.96609046032
Iraq,2009,111657580326.315,30058206,67.834,6.87361547212555,8.415,,3714.71205987194
Iraq,2010,138516722649.573,31045366,68.092,2.42986826837753,8.267,,4461.75196161555
Iraq,2011,185749664444.444,32161424,68.435,5.6040514426601,8.193,,5775.54229080293
Iraq,2012,218002476129.472,33654842,68.827,6.0890964159516,7.965,,6477.59618450955
Iraq,2013,234637675128.645,35281989,69.047,1.87949800749416,9.222,,6650.35282247395
Iraq,2014,228415656174.957,36550059,69.679,2.23597407904726,10.59,,6249.39226978969
Iraq,2015,166774104959.102,37560535,69.977,1.39333028780268,10.865,,4440.14189252367
Iraq,2016,166743557747.671,38469627,68.683,0.556521397155548,10.82,,4334.42096404188
Iraq,2017,187217660050.676,39337353,69.788,0.184058898847553,13.02,,4759.2846435467
Iraq,2018,227367469034.031,40265624,71.116,0.367441488936828,13.458,,5646.68932074742
Iraq,2019,233636097800.338,41192171,71.245,-0.198965380023882,14.096,,5671.8568632942
Iraq,2020,180898797516.874,42116605,69.651,0.574162679425856,15.766,,4295.18945121228
Iraq,2021,209691945713.103,43071211,70.704,6.04186489058043,16.173,,4868.49431080783
Iraq,2022,287372232137.931,44070551,72.037,4.9947659638103,15.41,,6520.73154560584
Iraq,2023,268881051643.549,45074049,72.324,4.35835351089595,15.239,,5965.31835077761
Iraq,2024,279641257615.385,46042015,72.424,2.6116961151764,15.293,,6073.61032342708
Iraq,2025,254367293538.462,47020774,,0.303454715219382,15.485,,5409.67899716967
Japan,1980,1153159955513.08,116807000,75.9890243902439,7.77858176555718,,,9872.35315959728
Japan,1981,1271443597066.78,117661000,76.3948780487805,4.91216291820523,,,10805.9900652449
Japan,1982,1183132285328.17,118480000,76.8736585365854,2.7410409556314,,,9985.92408278337
Japan,1983,1297622008229.49,119307000,76.9219512195122,1.89971971348485,,,10876.3275267125
Japan,1984,1374165212365.14,120083000,77.2912195121951,2.26161369193155,,,11443.4617086944
Japan,1985,1457070301468.38,120837000,77.5604878048781,2.0322773460849,,,12058.1469373485
Japan,1986,2164729071349.48,121482000,78.0104878048781,0.595586799453249,,,17819.3400779496
Japan,1987,2635094473494.08,122069000,78.429512195122,0.126176841696583,,,21586.9260294922
Japan,1988,3191546727316.14,122578000,78.349756097561,0.678557580457558,,,26036.864097278
Japan,1989,3174934735895.64,123069000,78.7685365853659,2.27228962064317,,,25798.0054757546
Japan,1990,3252994239867.4,123478000,78.8370731707317,3.0785162869516,,,26344.7273187725
Japan,1991,3724887648862.31,123964000,79.0368292682927,3.25143848753308,2.059,,30048.1401766828
Japan,1992,4064529567505.43,124425000,79.080243902439,1.7602830605927,2.158,,32666.5024513195
Japan,1993,4632480515091.13,124829000,79.3036585365854,1.24304589707924,2.539,,37110.6114371751
Japan,1994,5104063486348.4,125178000,79.6968292682927,0.695458057869004,2.89,,40774.4450809919
Japan,1995,5639649753985.77,125472000,79.5360975609756,-0.127899045020446,3.15,,44947.4763611465
Japan,1996,5021441618840.38,125757000,80.219756097561,0.136600358575909,3.383,,39929.7185750327
Japan,1997,4579780793431.57,126057000,80.4241463414634,1.74780458692133,3.374,,36331.0311480645
Japan,1998,4150359076370.48,126400000,80.5014634146342,0.661974191385911,4.078,,32835.1192750829
Japan,1999,4688983449627.24,126631000,80.4609756097561,-0.341296928327554,4.677,,37028.7168989208
Japan,2000,5042381838343.44,126843000,81.0760975609756,-0.676578683595175,4.748,,39752.937397755
Japan,2001,4438792748062.4,127149000,81.4163414634146,-0.740055504162738,5.02,,34910.166403687
Japan,2002,4245946980572.3,127445000,81.6907317073171,-0.923494026942321,5.386,,33315.9165174962
Japan,2003,4573413206709.02,127718000,81.76,-0.256541816316025,5.251,,35808.6816792388
Japan,2004,4941485123806.53,127761000,82.030243902439,-0.00857338820310272,4.734,,38677.5708064787
Japan,2005,4875648486366.14,127773000,81.9551219512195,-0.282946068764391,4.446,,38158.6758263963
Japan,2006,4648058930707.24,127854000,82.3219512195122,0.249355116079085,4.192,,36354.4271646349
Japan,2007,4624670179654.96,128001000,82.5070731707317,0.060039454498669,3.888,,36129.9535132925
Japan,2008,5160197175876.43,128063000,82.5875609756098,1.3800788616492,4.002,,40294.2081309702
Japan,2009,5336765697589.29,128047000,82.9314634146342,-1.35283672951719,5.068,,41678.1783063195
Japan,2010,5811578109447.07,128070000,82.8426829268293,-0.728243207517779,5.102,,45378.1378109399
Japan,2011,6279422550218.7,127833000,82.5912195121951,-0.27245561610124,4.55,,49122.077634247
Japan,2012,6333803928787.76,127629000,83.0960975609756,-0.0440645104432602,4.358,,49626.6830327571
Japan,2013,5272297037396.96,127445000,83.3319512195122,0.335037912184741,4.038,,41369.1948479498
Japan,2014,4985763289560.81,127276000,83.5878048780488,2.75922671353253,3.589,,39172.8471161948
Japan,2015,4534438580494.94,127141000,83.7939024390244,0.795279630579839,3.385,,35664.6446110613
Japan,2016,5110357383254.44,127076000,83.9848780487805,-0.127258844489754,3.132,,40214.9688631562
Japan,2017,5038231631660.71,126972000,84.099756097561,0.484199796126385,2.822,,39679.8635262948
Japan,2018,5154293721629.56,126811000,84.2109756097561,0.989094598021848,2.467,,40645.478086519
Japan,2019,5245755000479.03,126633000,84.3563414634146,0.46877615938395,2.351,,41424.8655601543
Japan,2020,5189197543645.38,126261000,84.56,-0.024995834027731,2.809,,41098.9739004553
Japan,2021,5225933520753.1,125681593,84.4456097560976,-0.233352779398264,2.808,,41580.739040705
Japan,2022,4447976207314.78,125124989,83.9963414634146,2.49770278172255,2.614,,35548.2645222433
Japan,2023,4384854269961.93,124516650,84.0412195121951,3.26813365933163,2.6,,35215.003535366
Japan,2024,4190008188358.57,123975371,84.0363414634146,2.73853681635241,2.5,,33797.1014287876
Japan,2025,4435162999976.94,123366734,,3.17253034260248,2.451,,35951.0449549304
Kazakhstan,1980,,15152949,62.516,,,,
Kazakhstan,1981,,15323082,62.996,,,,
Kazakhstan,1982,,15492595,63.586,,,,
Kazakhstan,1983,,15665551,64.224,,,,
Kazakhstan,1984,,15844621,64.839,,,,
Kazakhstan,1985,,16031090,65.376,,,,
Kazakhstan,1986,,16262702,65.788,,,,
Kazakhstan,1987,,16527715,65.996,,,,
Kazakhstan,1988,,16781168,66.032,,,,
Kazakhstan,1989,,16997013,65.915,,,,
Kazakhstan,1990,26932016269.6107,17154054,65.701,,,,1570.00883112591
Kazakhstan,1991,24923076923.0769,17278600,65.379,,0.9,,1442.42455540825
Kazakhstan,1992,24917355371.9008,17332625,64.978,,1.0,,1437.59848100913
Kazakhstan,1993,23409260879.9427,17274487,64.538,,1.11,,1355.13493859139
Kazakhstan,1994,21250792886.1054,17043771,64.108,1877.37239517572,7.54,,1246.83633018218
Kazakhstan,1995,20374302652.3819,16730536,63.717,176.15529894237,10.98,,1217.79138769863
Kazakhstan,1996,21035357936.8796,16416027,63.455,39.1825423654111,12.96,,1281.39152895397
Kazakhstan,1997,22165932062.966,16043251,63.318,17.4080410607357,13.01,,1381.63593295187
Kazakhstan,1998,22135245507.3656,15647785,63.349,7.14632665452334,13.13,,1414.59289652597
Kazakhstan,1999,16870817181.7799,15455874,63.528,8.29602765342564,13.46,,1091.54727722159
Kazakhstan,2000,18291990662.0356,15501103,63.793,13.1808905865731,12.75,87.04573,1180.0444563226
Kazakhstan,2001,22152689179.8815,15575550,64.108,8.35413777161344,10.43,89.51106,1422.27331810957
Kazakhstan,2002,24636598527.4437,15656677,64.441,5.83692452105643,9.33,91.5917,1573.55219932325
Kazakhstan,2003,30833692900.1091,15747380,64.753,6.4382181011894,8.78,92.01804,1958.02050246511
Kazakhstan,2004,43151647002.6096,15850159,65.04,6.88205438981899,8.4,92.58491,2722.47407755402
Kazakhstan,2005,57123671733.8952,15968117,65.356,7.57999929125766,8.13,91.09722,3577.35804001782
Kazakhstan,2006,81003864630.018,16103716,65.722,8.72169386091726,7.79,89.95021,5030.13494711519
Kazakhstan,2007,104849915058.376,16257214,66.18,10.8468362075557,7.26,89.51797,6449.43931096532
Kazakhstan,2008,133441648851.982,16426525,66.759,17.139899777207,6.63,90.61103,8123.54705891736
Kazakhstan,2009,115308686941.38,16619846,67.46,7.31607858288578,6.55,89.48954,6938.01175663001
Kazakhstan,2010,148047348240.643,16836810,68.257,7.40046356341396,5.77,89.45954,8793.07589980782
Kazakhstan,2011,192626464617.071,17066002,69.108,8.4529046617679,5.39,87.95573,11287.1464926039
Kazakhstan,2012,207998568865.789,17306106,69.939,5.19568369035073,5.29,86.31897,12018.7966527993
Kazakhstan,2013,236634603409.089,17556502,70.719,5.94283871648418,5.2,86.15113,13478.459627612
Kazakhstan,2014,221415613595.469,17816285,71.415,6.84944977003358,5.06,86.52115,12427.7094576939
Kazakhstan,2015,184388404706.042,18084169,72.024,6.67828585615236,4.93,86.31191,10196.1226255982
Kazakhstan,2016,137278320084.171,18363600,72.549,14.3610942386248,4.96,87.3628,7475.56688689424
Kazakhstan,2017,166805788827.233,18651931,72.996,7.44266321306792,4.9,86.24057,8943.08416791984
Kazakhstan,2018,179339977690.485,18932727,73.369,6.16366247577762,4.85,87.58681,9472.48527327758
Kazakhstan,2019,181667184854.501,19209555,73.658,5.33356098916669,4.8,86.85584,9457.12614657136
Kazakhstan,2020,171082365861.423,19482117,71.195,6.71815454861458,4.89,,8781.50797787648
Kazakhstan,2021,197112255360.612,19743603,70.131,8.04147134028401,5.568,,9983.60103576902
Kazakhstan,2022,225496328925.494,20034609,73.503,15.0278644440851,4.86,,11255.3396437881
Kazakhstan,2023,261840101059.923,20330104,74.402,14.5275597825952,4.835,,12879.4275257974
Kazakhstan,2024,291480274648.826,20592571,74.531,8.69082156104494,4.833,,14154.6324958076
Kazakhstan,2025,306239209650.024,20843754,,11.3879454675914,4.771,,14692.1331757237
"Korea, Rep.",1980,66547970350.6151,38123775,66.0463414634146,28.6976086362017,,99.96693,1745.57662116658
"Korea, Rep.",1981,74287368087.3467,38723248,66.5463414634146,21.351640254,,99.94785,1918.41779613494
"Korea, Rep.",1982,79921300446.6517,39326352,67.0951219512195,7.1908466400687,,99.81309,2032.25817758667
"Korea, Rep.",1983,89621208322.3386,39910403,67.5463414634146,3.42061419498921,,99.7587,2245.56009425258
"Korea, Rep.",1984,99749645088.5994,40405956,68.1951219512195,2.27395640001863,,99.13846,2468.68667303898
"Korea, Rep.",1985,103764281280.89,40805744,68.7951219512195,2.45910879215274,,98.57461,2542.88419005153
"Korea, Rep.",1986,119965960795.24,41213674,69.4463414634146,2.74998096063358,,98.27344,2910.82908054352
"Korea, Rep.",1987,152240393645.506,41621690,69.9975609756098,3.04966077087423,,99.4696,3657.71773432329
"Korea, Rep.",1988,205477530605.222,42031247,70.5487804878049,7.14609773721605,,99.88403,4888.68509195605
"Korea, Rep.",1989,254236243100.439,42449038,71.0487804878049,5.70016544561401,,99.88231,5989.2109474999
"Korea, Rep.",1990,292064221388.988,42869283,71.5975609756098,8.57327225728677,,99.77703,6812.9019416767
"Korea, Rep.",1991,340851946803.812,43295704,72.0463414634146,9.33279048161495,2.407,99.73981,7872.65052449111
"Korea, Rep.",1992,366921291824.719,43747962,72.4975609756098,6.21328146355184,2.513,99.57954,8387.16308258471
"Korea, Rep.",1993,405705302846.447,44194628,72.9975609756098,4.80099660215354,2.878,99.35196,9179.96872485152
"Korea, Rep.",1994,479181794216.859,44641540,73.3975609756098,6.26585950039679,2.476,99.00819,10733.9888860657
"Korea, Rep.",1995,586286469400.665,45092991,73.7,4.48074108557248,2.063,98.51563,13001.7205867019
"Korea, Rep.",1996,631196863758.281,45524681,74.1512195121951,4.92454354292754,2.048,98.24344,13864.9376534518
"Korea, Rep.",1997,589202526424.141,45953580,74.6024390243903,4.4389318457463,2.608,98.30431,12821.6893313675
"Korea, Rep.",1998,397297216492.19,46286503,75.0048780487805,7.51358008079307,6.963,97.72215,8583.43557499234
"Korea, Rep.",1999,515697079289.011,46616677,75.409756097561,0.81295725444637,6.342,98.50236,11062.5019301357
"Korea, Rep.",2000,597487173479.109,47008111,75.909756097561,2.25916580080157,4.063,99.06072,12710.2995795579
"Korea, Rep.",2001,567564806235.441,47370164,76.4121951219512,4.06657587897792,3.699,98.11869,11981.4828218758
"Korea, Rep.",2002,650014391470.21,47644736,76.7658536585366,2.76226210296599,3.046,97.73171,13642.9424537101
"Korea, Rep.",2003,728516494684.269,47892330,77.2146341463415,3.51487451459939,3.348,98.5255,15211.5483770422
"Korea, Rep.",2004,823251107638.814,48082519,77.6658536585366,3.59066298882578,3.42,98.19463,17121.6301633201
"Korea, Rep.",2005,971740329983.878,48184561,78.1682926829268,2.75379162735039,3.482,99.38856,20167.0474902506
"Korea, Rep.",2006,1095175538508.19,48438292,78.6682926829268,2.24234028518921,3.254,99.40966,22609.7059431449
"Korea, Rep.",2007,1220911904593.06,48683638,79.119512195122,2.53457382137932,3.013,99.47129,25078.4853957105
"Korea, Rep.",2008,1091580692542.34,49054708,79.5170731707317,4.67389655533408,2.959,99.50574,22252.3125108061
"Korea, Rep.",2009,983065242417.36,49307835,79.9682926829268,2.7564965449393,3.363,99.49475,19937.3029137734
"Korea, Rep.",2010,1192830015737.68,49554112,80.1170731707317,2.93928652655686,3.324,98.38177,24071.2620526362
"Korea, Rep.",2011,1307103477219.1,49936638,80.5682926829269,4.0259650043609,2.992,98.88635,26175.2398553363
"Korea, Rep.",2012,1335343586437.67,50199853,80.819512195122,2.18707104433314,2.812,97.84902,26600.5477433903
"Korea, Rep.",2013,1434669686501.84,50428893,81.2707317073171,1.30134754547413,3.067,95.3693,28449.3591104972
"Korea, Rep.",2014,1556252422020.44,50746659,81.7219512195122,1.27477446401322,3.082,95.818,30667.0912467447
"Korea, Rep.",2015,1539212301135.55,51014947,82.0243902439024,0.70633177245575,3.546,97.98472,30171.7906545222
"Korea, Rep.",2016,1579150518945.44,51217803,82.2756097560976,0.971685739912168,3.65,96.86178,30832.0628072516
"Korea, Rep.",2017,1710196756713.17,51361911,82.6268292682927,1.94433230786366,3.653,97.25516,33296.9845439195
"Korea, Rep.",2018,1824251454306.83,51585058,82.6268292682927,1.47583935002645,3.824,,35363.9508228687
"Korea, Rep.",2019,1751045752054.63,51764822,83.2268292682927,0.383000303608136,3.746,,33826.9443301597
"Korea, Rep.",2020,1744070276373.34,51836239,83.4268292682927,0.537288023411737,3.931,,33645.7719545073
"Korea, Rep.",2021,1942313560965.9,51769539,83.5268292682927,2.49833333333339,3.639,,37518.4635305697
"Korea, Rep.",2022,1799363116866.52,51672569,82.6804878048781,5.08951365062842,2.857,,34822.4048404971
"Korea, Rep.",2023,1844800934391.54,51712619,83.4292682926829,3.5974562502901,2.675,,35674.095995632
"Korea, Rep.",2024,1875388209406.8,51751065,83.6292682926829,2.32174328643542,2.784,,36238.639908315
"Korea, Rep.",2025,1872374961553.15,51684564,,2.12309421458659,2.683,,36226.9663637512
Malaysia,1980,24488224677.2105,12983363,68.061,6.6749195345051,,,1886.12339323875
Malaysia,1981,25004285791.7865,13399203,68.461,9.70000000000015,,,1866.10246831744
Malaysia,1982,26804493635.3297,13832798,68.876,5.8189000297783,,,1937.74922725899
Malaysia,1983,30347442110.9316,14285907,69.205,3.70423546319373,,,2124.29229106221
Malaysia,1984,33942897422.0465,14759009,69.551,3.89727260149768,,,2299.80870816235
Malaysia,1985,31199633352.9598,15252258,69.863,0.346458791259884,,,2045.57471772113
Malaysia,1986,27734111399.7525,15760419,70.133,0.737002855391939,,,1759.73185736702
Malaysia,1987,32181210157.9671,16276737,70.351,0.290007909438412,,,1977.1290866202
Malaysia,1988,35272109220.1988,16796605,70.551,2.55651945320742,,,2099.95467656701
Malaysia,1989,38847965292.9185,17314997,70.759,2.81320089714805,,,2243.60219599914
Malaysia,1990,44024585239.6137,17833171,70.952,2.61780104712051,,,2468.69080320116
Malaysia,1991,49143148094.2683,18342464,71.219,4.358333333333,3.7,,2679.20101106745
Malaysia,1992,59167550162.956,18834572,71.483,4.76722829992821,3.71,,3141.43321987651
Malaysia,1993,66894966968.9736,19322664,71.721,3.53658536585389,4.11,,3461.99504214189
Malaysia,1994,74478356957.7808,19820446,71.865,3.72497055359284,3.64,97.25382,3757.65292858601
Malaysia,1995,88705342902.7113,20330599,71.979,3.45057509584895,3.15,,4363.14458333034
Malaysia,1996,100855393910.486,20850087,72.119,3.48855945858916,2.52,,4837.16897250768
Malaysia,1997,100005323301.867,21375218,72.296,2.66251459711946,2.45,,4678.56390058182
Malaysia,1998,72167498980.8398,21906713,72.385,5.27034200348766,3.2,95.78351,3294.30978444095
Malaysia,1999,79148421052.6316,22435531,72.428,2.74456130240604,3.43,95.61761,3527.81581379249
Malaysia,2000,93789736842.1053,22967816,72.732,1.53474023697699,3.0,98.41488,4083.52874483605
Malaysia,2001,92783947368.4211,23526538,73.08,1.41678473206098,3.53,97.81452,3943.79943910239
Malaysia,2002,100845526315.789,24102477,73.469,1.80787246281536,3.48,96.5906,4184.03163773539
Malaysia,2003,110202368421.053,24679602,73.727,1.08967632577286,3.61,97.09317,4465.32194567208
Malaysia,2004,124749473684.211,25256772,74.027,1.42127115937402,3.54,99.37525,4939.24851854427
Malaysia,2005,143534405818.501,25836071,74.37,2.97507092684449,3.53,99.59294,5555.58179951206
Malaysia,2006,162692258307.056,26417909,74.697,3.60923564224389,3.32,95.4107,6158.40785533236
Malaysia,2007,193549569477.733,26998389,74.961,2.02735317779569,3.31,95.11282,7168.93031942508
Malaysia,2008,230811614370.384,27570059,75.151,5.44078221100769,3.34,95.06773,8371.82156086005
Malaysia,2009,202257453036.641,28124778,75.269,0.583308405623702,3.62,95.86919,7191.43287234626
Malaysia,2010,255017638455.59,28655776,75.376,1.62285235577035,3.32,96.23306,8899.34505544675
Malaysia,2011,297951668674.835,29162039,75.488,3.1744709215131,3.05,97.06133,10217.1068585031
Malaysia,2012,314443047642.111,29662831,75.552,1.66357102479206,3.04,98.54356,10600.5744240026
Malaysia,2013,323276235524.415,30174265,75.464,2.10501231233612,3.14,99.66427,10713.6407638899
Malaysia,2014,338066095097.254,30696137,75.345,3.14299050879095,2.88,99.8924,11013.3107334403
Malaysia,2015,301355266964.947,31232798,75.288,2.10438980238359,3.1,99.51663,9648.6797937523
Malaysia,2016,301256033870.334,31789685,75.371,2.09056659525742,3.44,99.82064,9476.53409809923
Malaysia,2017,319109094160.343,32355644,75.542,3.87120115774237,3.41,99.64564,9862.54806612235
Malaysia,2018,358788845712.53,32910967,75.734,0.884709160571235,3.3,,10901.8019954421
Malaysia,2019,365177721021.516,33440596,75.9,0.662891865764326,3.33,,10920.191763972
Malaysia,2020,337456163961.211,33889558,76.057,-1.1387021539305,4.54,,9957.52626697613
Malaysia,2021,373784553029.978,34282399,73.917,2.47710241465447,4.64,,10903.1037480772
Malaysia,2022,407830525989.553,34695493,75.444,3.37869862549928,3.93,,11754.5678336248
Malaysia,2023,399949418752.657,35126298,76.657,2.48886560125754,3.858,,11386.0395636528
Malaysia,2024,422227005428.688,35557673,76.821,1.834100204499,3.846,,11874.4273684245
Malaysia,2025,472193128644.597,35977838,,1.38060872293692,3.764,,13124.5554178269
Myanmar,1980,1038225167.05882,33227204,54.374,0.608153083899614,,,31.2462392881093
Myanmar,1981,1111000765.28987,33858783,54.699,0.318444733265915,,,32.8127790443581
Myanmar,1982,1481165467.83214,34482965,55.033,5.30474040537993,,,42.9535414901862
Myanmar,1983,1381573615.2513,35162715,55.308,5.65008336345438,,,39.2908686161265
Myanmar,1984,1304063253.04136,35899313,55.596,4.84631154769053,,,36.3255768443636
Myanmar,1985,1478908173.26796,36622827,55.816,6.80756655768333,,,40.3821412603663
Myanmar,1986,1582873750.32068,37314878,56.084,9.32546190007652,,,42.4193735892874
Myanmar,1987,1562448076.65689,37971594,56.353,24.7599999999999,,,41.1478137224602
Myanmar,1988,1541088312.25453,38600927,56.57,16.0428021801856,,,39.9236088878004
Myanmar,1989,2013448228.72975,39214618,56.889,27.1985264490888,,,51.3443285034615
Myanmar,1990,2115193513.29556,39817251,57.159,17.6267750314504,,,53.1225401094506
Myanmar,1991,2069832686.98061,40394154,57.395,32.2720382866416,0.828,,51.2408970610106
Myanmar,1992,2411552288.76212,40950342,57.681,21.9132104007913,0.796,,58.8896739558883
Myanmar,1993,3163020034.63637,41502429,58.032,31.83160687276,0.779,,76.212889482598
Myanmar,1994,4432257173.6492,42055143,58.326,24.0987860757019,0.739,,105.391561114159
Myanmar,1995,5289174942.53404,42605338,58.671,25.1947123972847,0.754,,124.14348039051
Myanmar,1996,6123556716.81329,43154860,59.169,16.2753966377374,0.753,,141.897267580367
Myanmar,1997,4722288495.66085,43708798,59.523,29.6972325791529,0.764,,108.039770292032
Myanmar,1998,6459461639.30243,44257793,59.896,51.4875497504079,0.772,,145.950830383757
Myanmar,1999,8486832800.88498,44787724,60.107,18.4010433741609,0.75,,189.490155849067
Myanmar,2000,8905066163.58643,45290841,60.357,-0.109165514668565,0.712,89.72516,196.619580625284
Myanmar,2001,6477790688.22844,45771139,60.64,21.101305376923,0.689,90.8385,141.525660705722
Myanmar,2002,6777632512.0781,46232653,60.925,57.0745112621703,0.685,88.72686,146.598390364449
Myanmar,2003,10467109977.6717,46667192,61.196,36.5897175323924,0.686,90.53915,224.292688912409
Myanmar,2004,10567354056.4049,47068772,61.443,4.53421374129692,0.677,89.08456,224.508811413327
Myanmar,2005,11986972418.5103,47438365,61.72,9.36861814196704,0.672,88.82624,252.685193060728
Myanmar,2006,14502553709.8303,47785135,62.026,19.9964873359214,0.676,88.61108,303.495087119254
Myanmar,2007,20182477480.5512,48125043,62.367,35.0245970717698,0.684,88.95978,419.375780725042
Myanmar,2008,31862554101.9378,48390793,56.364,26.7995371934022,0.7,89.83805,658.442487229705
Myanmar,2009,36906181380.8127,48660459,63.095,1.47234311385647,0.712,88.9333,758.442935789255
Myanmar,2010,49540813342.4834,49024382,63.479,7.71838195873614,0.725,89.00709,1010.53417343401
Myanmar,2011,59977326085.9908,49419820,63.859,5.0214601462073,0.749,,1213.62898703376
Myanmar,2012,59937796648.2158,49837446,64.251,1.46758322674679,0.768,,1202.6658960055
Myanmar,2013,60269732854.827,50262658,64.617,5.64303883425501,0.775,,1199.09561597055
Myanmar,2014,65531374199.6663,50681634,64.994,4.953299184844,0.763,96.1312,1293.00042298688
Myanmar,2015,59607290407.6191,51089056,65.288,9.45417189526018,0.766,,1166.73305546337
Myanmar,2016,63298361996.2153,51495696,65.64,6.92882525816076,1.058,,1229.19713515893
Myanmar,2017,66053040483.0016,51894938,65.909,4.5725365531752,1.356,97.66256,1272.82241830603
Myanmar,2018,67860515989.517,52272247,66.232,6.87232865662935,0.767,97.93192,1298.21310320785
Myanmar,2019,75065106227.6892,52640713,66.457,8.82506696804558,0.407,,1425.98954211903
Myanmar,2020,79006113643.1906,53016522,66.612,,1.476,,1490.21683548367
Myanmar,2021,66345291160.1683,53387102,65.553,,4.34,,1242.72134419599
Myanmar,2022,62253049891.6449,53756787,66.506,,3.063,,1158.05005034332
Myanmar,2023,66757619000.0,54133798,66.889,,2.977,,1233.19666209269
Myanmar,2024,74068349523.8095,54500091,67.095,,2.887,,1359.05001560107
Myanmar,2025,81665773809.5238,54850648,,,3.047,,1488.87527836542
Nepal,1980,1945916583.33333,15553105,48.333,14.6845027763768,,,125.114347478097
Nepal,1981,2275583316.66667,15922423,48.662,11.1448567278444,,,142.916898807843
Nepal,1982,2395423741.79762,16297987,49.181,11.6985465924139,,,146.976662933749
Nepal,1983,2447174803.37791,16689119,49.676,12.3772380782712,,58.93883,146.632953086254
Nepal,1984,2581207387.79709,17085242,50.227,2.84578495716266,,60.13256,151.078187115939
Nepal,1985,2619913955.51556,17477692,50.922,8.0526412661963,,,149.900453418882
Nepal,1986,2850782044.04306,17868124,51.594,18.9989495502395,,,159.545682806044
Nepal,1987,2957255379.54315,18250505,52.382,10.750328044985,,,162.036906898913
Nepal,1988,3487009748.35638,18638661,53.109,8.98300338208989,,66.07108,187.084777621975
Nepal,1989,3525225786.58691,19057807,54.013,8.84688691232552,,,184.975416457251
Nepal,1990,3627560239.48997,19524573,54.771,8.23970037453206,,,185.794600449903
Nepal,1991,3921476084.89072,20036500,55.65,15.5574529276949,10.465,,195.716621410462
Nepal,1992,3401211581.29176,20609707,56.686,17.1495236243439,10.473,,165.02959412726
Nepal,1993,3660041666.66667,21180159,57.597,7.50539419087105,10.492,,172.805202579767
Nepal,1994,4066775510.20408,21717479,58.631,8.34928672883384,10.458,,187.258176246151
Nepal,1995,4401104417.67068,22245439,59.323,7.62296950698163,10.473,,197.843001330326
Nepal,1996,4521580381.47139,22741862,60.044,9.22046662376986,10.446,,198.821907435345
Nepal,1997,4918691916.53516,23219463,60.823,4.00998860523181,10.512,,211.834869589153
Nepal,1998,4856255044.39064,23680357,61.532,11.2444677818614,10.526,,205.075246306069
Nepal,1999,5033642384.10596,24125199,62.035,7.45111260957546,10.549,65.86436,208.646667913743
Nepal,2000,5494252207.90502,24546509,62.642,2.47882020709136,10.531,72.11046,223.830289183078
Nepal,2001,6007055042.17687,24946748,63.288,2.6883037354563,10.502,,240.795114544664
Nepal,2002,6050875806.66403,25328981,63.507,3.02939948714892,10.593,,238.89140296106
Nepal,2003,6330473096.54071,25688758,64.229,5.70700931874738,10.644,79.86805,246.429706587633
Nepal,2004,7273938314.71988,26016656,64.744,2.8418113124898,10.652,80.51963,279.587750044428
Nepal,2005,8130258377.90964,26309458,65.275,6.83633265892877,10.59,,309.024168339372
Nepal,2006,9043715355.8881,26565425,65.891,6.92033580707589,10.609,,340.431796437968
Nepal,2007,10325618017.379,26788492,66.169,2.26921924439074,10.642,,385.449767660642
Nepal,2008,12545438605.3959,26990037,66.442,9.9078300530648,10.597,,464.817391891529
Nepal,2009,12854985464.0764,27173035,66.6,11.0948237386987,10.582,,473.078751198621
Nepal,2010,16002656434.4746,27341952,66.772,9.32650410745395,10.563,,585.278491984574
Nepal,2011,21573872420.7008,27464494,67.123,9.2270754612596,10.627,99.14333,785.518656222132
Nepal,2012,21703100877.1309,27534915,67.364,9.45980980357125,10.632,99.71319,788.202937148377
Nepal,2013,22162204924.5726,27589996,67.598,9.04016311917645,10.666,,803.269595420477
Nepal,2014,22731612922.1906,27672370,67.812,8.36415469659563,10.62,98.79036,821.455224911731
Nepal,2015,24360801286.7638,27823629,67.374,7.86890895590891,10.643,98.09886,875.543635474862
Nepal,2016,24524109483.5293,27955462,68.444,8.7903433200464,10.714,98.18273,877.256454696737
Nepal,2017,28971588940.364,28011258,68.74,2.77703998300211,10.66,96.33409,1034.28374906846
Nepal,2018,33111525237.149,28079689,69.036,4.40659410175714,10.593,,1179.19843190389
Nepal,2019,34186180699.0255,28414064,69.299,5.56616035243723,10.477,96.2984,1203.14294706401
Nepal,2020,33433659301.2466,28966574,69.106,5.05635826238499,13.037,,1154.21517578318
Nepal,2021,36924841394.2605,29475010,68.385,4.12676744440695,12.241,,1252.75076731986
Nepal,2022,41182939519.8161,29715436,70.087,7.6702057938028,10.661,,1385.91066002922
Nepal,2023,41049329851.0546,29694614,70.354,7.11587261530826,10.437,,1382.38300895424
Nepal,2024,43298911699.9284,29651054,70.636,4.6850965426577,10.5,,1460.28237984149
Nepal,2025,45489810283.1132,29618118,,2.65334269811436,10.465,,1535.87781246307
Pakistan,1980,23654444444.4444,82291010,57.199,11.9382309107087,,,287.448707270022
Pakistan,1981,28100606060.6061,85802049,57.764,11.8799135925283,,,327.505069961745
Pakistan,1982,30725971563.981,89089246,58.291,5.90352878435863,,,344.889792466995
Pakistan,1983,28691889763.7795,92227711,58.663,6.362033499853,,,311.098361356703
Pakistan,1984,31151825467.4978,95164936,58.921,6.08716673573716,,,327.345625152291
Pakistan,1985,31144920844.3272,98229285,59.075,5.61483921793224,,,317.063499386432
Pakistan,1986,31899070055.7967,101606764,59.167,3.50641424758205,,,313.946324043906
Pakistan,1987,33351529274.6869,105130717,59.222,4.68121854620213,,,317.23867416111
Pakistan,1988,38472742808.3167,108724739,59.36,8.83793701817773,,,353.85454278549
Pakistan,1989,40171106279.0078,112336629,59.528,7.84426473740044,,,357.595796105007
Pakistan,1990,40010423970.4576,116155576,59.728,9.05213155279776,,,344.45547384189
Pakistan,1991,45625336680.2047,120060406,59.864,11.7912703351416,0.596,,380.019843346229
Pakistan,1992,48884671947.4657,123546848,59.983,9.5090414619015,0.587,,395.67720859593
Pakistan,1993,51809999353.1614,127020117,60.083,9.97366476029209,0.596,,407.888140688466
Pakistan,1994,52293470813.1336,130748083,60.197,12.3681943936948,0.601,,399.955927561352
Pakistan,1995,60636071684.1918,134582253,60.273,12.3435785170513,0.611,,450.550279346206
Pakistan,1996,63320170084.4076,138557092,60.466,10.3738085885002,0.6,,456.996961832943
Pakistan,1997,62433340468.0228,142531804,60.623,11.3754928865122,0.611,,438.030942680153
Pakistan,1998,62191955814.3478,146522356,61.134,6.22800415424543,0.62,,424.453697798497
Pakistan,1999,62973857068.5113,150565377,61.54,4.14263718082171,0.625,,418.249257055367
Pakistan,2000,99484802344.5277,154879127,61.903,4.36666451291681,0.614,,642.338346499898
Pakistan,2001,97145618479.9038,159270907,62.241,3.14826144590618,0.611,,609.939506905073
Pakistan,2002,97923302809.3537,163222549,62.556,3.29034472613153,0.615,55.29802,599.937345723927
Pakistan,2003,112371913740.823,167110248,62.834,2.91413470059479,0.612,56.7235,672.44178669894
Pakistan,2004,132216048339.413,171286000,63.097,7.44462469342739,0.598,61.68897,771.902247348954
Pakistan,2005,145208562960.767,175453212,62.416,9.06332737030417,0.583,63.39651,827.619861189926
Pakistan,2006,161871385506.36,179682690,63.624,7.92108440058789,0.582,60.78372,900.873564984808
Pakistan,2007,184140869997.46,184493231,63.807,7.59868441050774,0.398,64.82106,998.090114197524
Pakistan,2008,202203748583.854,189499113,64.002,20.2861210929554,0.423,64.9296,1067.04324565284
Pakistan,2009,187337783856.466,194376534,64.206,13.6477650639761,0.535,65.44091,963.788066395225
Pakistan,2010,196709621849.586,199239047,64.378,12.9388705634889,0.653,65.98301,987.304571124485
Pakistan,2011,230586581059.665,203746065,64.659,11.9160927116277,0.796,63.07016,1131.73513834324
Pakistan,2012,250106966104.704,207667125,64.883,9.68235186055684,3.667,62.69421,1204.36475491585
Pakistan,2013,258657231672.412,211073978,65.129,7.69215611899565,2.954,62.13369,1225.4340119198
Pakistan,2014,271390474857.632,214264647,65.374,7.18938402847028,1.827,65.75982,1266.61340849959
Pakistan,2015,299963590534.773,217290883,65.641,2.52932817254229,3.566,60.95668,1380.47020838317
Pakistan,2016,313630000130.435,220138869,65.943,3.7651191635658,2.285,65.41796,1424.69161195897
Pakistan,2017,339205534861.1,223273967,66.223,4.08537368032608,3.204,64.89623,1519.23459514248
Pakistan,2018,356128166704.921,226928892,66.481,5.07805725868917,4.083,67.5748,1569.33814626355
Pakistan,2019,320909472770.669,230800899,66.729,10.5780305672025,4.83,,1390.41690981745
Pakistan,2020,300425609817.981,235001746,65.701,9.74011619320125,5.994,,1278.39735206896
Pakistan,2021,348516647445.148,239477801,65.773,9.49641577285205,6.338,,1455.31922370186
Pakistan,2022,374890295666.694,243700667,67.417,19.8738599646655,5.291,,1538.3228133171
Pakistan,2023,336686348609.266,247504495,67.649,30.7681280657005,5.237,,1360.32417758419
Pakistan,2024,371747087751.306,251269164,67.799,12.6325318530452,5.492,,1479.47755241191
Pakistan,2025,407307214476.222,255219554,,3.54555214890893,5.42,,1595.90912252837
Philippines,1980,36848080898.8112,48043740,61.884,18.2005104938508,,,766.969451146209
Philippines,1981,40499388869.1271,49311727,61.942,13.0825985241676,,93.15358,821.293256858092
Philippines,1982,42206011275.1757,50695707,62.175,10.2217271376892,,93.16523,832.536200258054
Philippines,1983,37759179894.5298,52194620,62.349,10.0293565620481,,91.57376,723.430497138016
Philippines,1984,35730185633.5233,53726181,62.426,50.3389756374498,,90.89301,665.042349344043
Philippines,1985,34961486348.2382,55213006,62.735,23.1031071803888,,94.43847,633.211065310196
Philippines,1986,33987207294.9432,56645077,62.875,1.14813777653338,,93.83803,600.002843935462
Philippines,1987,37791488666.0743,58157496,63.299,4.06976744186024,,94.10697,649.812857590607
Philippines,1988,43152128958.6116,59739052,63.711,13.8600691673319,,96.14788,722.343718454247
Philippines,1989,48513773720.673,61265260,64.105,12.2429906542055,,97.64527,791.864324425833
Philippines,1990,50508286641.5746,62854666,64.382,12.1773522064946,,,803.572588255813
Philippines,1991,51784144942.727,64382249,64.622,19.2614585266282,3.727,,804.323330530547
Philippines,1992,60422328242.1803,65926125,65.353,8.65100357865265,3.849,95.62759,916.515694532029
Philippines,1993,62036529147.1831,67530621,65.661,6.71631104109973,3.869,94.67716,918.642953796961
Philippines,1994,73159336915.2718,69019291,66.0,10.3864734299517,3.767,93.04913,1059.9838951587
Philippines,1995,84644328727.4825,70546246,66.311,6.83199610989534,3.68,,1199.84171414993
Philippines,1996,94648084429.0341,72190242,66.691,7.4761037778791,3.607,95.75706,1311.09249403865
Philippines,1997,94106317565.0846,73908810,66.994,5.59025939650601,3.592,,1273.27604875636
Philippines,1998,74492416329.9142,75791024,67.212,9.23493432267121,3.697,91.8589,982.865943728564
Philippines,1999,85640171045.1254,77753257,67.503,5.93904901780808,3.751,88.98721,1101.43515975318
Philippines,2000,83669788376.9213,79625397,67.789,3.9771250324928,3.77,,1050.79273107952
Philippines,2001,78921234457.5487,81401488,67.829,5.34550195567142,3.698,89.53385,969.530611744453
Philippines,2002,84307345887.543,83068889,67.886,2.72277227722765,3.616,89.63244,1014.90879320106
Philippines,2003,87039092974.2272,84731835,68.049,2.28915662650607,3.527,89.90912,1027.2301192843
Philippines,2004,95001999685.3314,86394504,68.301,4.82921083627795,3.554,89.35752,1099.63013023758
Philippines,2005,107419977318.166,88015962,68.423,6.51685393258433,3.795,88.55488,1220.46018559867
Philippines,2006,127652926368.069,89508986,68.172,5.4852320675105,4.052,86.79077,1426.14649179546
Philippines,2007,155980408673.403,91075184,68.549,2.90000000000003,3.434,87.09612,1712.65543282793
Philippines,2008,181624626327.361,92699095,68.643,8.26044703595725,3.72,88.12346,1959.29233534978
Philippines,2009,175974755881.372,94384250,68.631,4.21903052064628,3.858,89.88861,1864.45043406471
Philippines,2010,208368893151.144,96337125,68.883,3.78983634797591,3.605,,2162.91375885614
Philippines,2011,234216730291.32,98248614,69.096,4.7184170471842,3.592,,2383.91892522087
Philippines,2012,261920540962.63,100175512,69.237,3.02696391124796,3.504,,2614.61644401308
Philippines,2013,283902828588.718,102076336,69.283,2.58268766141795,3.497,,2781.27957677397
Philippines,2014,297483555338.044,103767130,69.311,3.59782343864211,3.6,95.36339,2866.83803761407
Philippines,2015,306445871242.322,105312992,69.45,0.674192536845408,3.068,95.0759,2909.85818010301
Philippines,2016,318627003016.731,106735719,69.49,1.25369880080982,2.695,94.36604,2985.19564024046
Philippines,2017,328480736802.76,108119693,69.966,2.85318772590947,2.552,93.7756,3038.12124959289
Philippines,2018,346841896587.313,109465287,69.761,5.30934661627707,2.338,,3168.51036609727
Philippines,2019,376823402239.136,110804683,69.68,2.39206534422404,2.237,,3400.78949767074
Philippines,2020,361751145451.597,112081264,70.097,2.3931623931624,2.522,,3227.57910235199
Philippines,2021,394087359848.11,113100950,66.675,3.92718022100332,3.398,,3484.38593882819
Philippines,2022,404353369604.631,113964338,69.472,5.82115811213955,2.598,,3548.06930572116
Philippines,2023,437055627245.138,114891199,69.833,5.97802515541409,2.2,,3804.08274131718
Philippines,2024,461671157904.74,115843670,69.946,3.21260487006347,2.202,,3985.29464669706
Philippines,2025,487086123720.417,116786962,,1.6587364525509,2.235,,4170.72347271451
Saudi Arabia,1980,164539660725.118,6047997,62.444,4.1692665536329,,,27205.6452285141
Saudi Arabia,1981,184291360138.69,6420551,63.252,2.79898218829488,,,28703.35585508
Saudi Arabia,1982,153240313858.323,6824486,64.008,1.02103960396035,,,22454.4843169614
Saudi Arabia,1983,129171635311.143,7252941,64.719,0.191424196019064,,,17809.5527471054
Saudi Arabia,1984,119624858115.778,7697307,65.391,-1.55903706534203,,,15541.1312184609
Saudi Arabia,1985,103897846493.65,8151779,66.027,-3.05876872913662,,,12745.41992535
Saudi Arabia,1986,86961922765.3254,8628639,66.648,-3.203331464723,,,10078.2896080512
Saudi Arabia,1987,85695861148.1976,9130194,67.242,-1.54711673699019,,,9385.98469519899
Saudi Arabia,1988,88256074766.3551,9629165,67.814,0.907563025210523,,,9165.49615323397
Saudi Arabia,1989,95344459279.0387,10128394,68.359,1.03264490339739,,,9413.58119352769
Saudi Arabia,1990,117630173564.753,10640691,68.874,2.07715133531156,,,11054.7495049666
Saudi Arabia,1991,132223230974.633,11160744,69.341,4.86111111111137,7.316,,11847.1699534218
Saudi Arabia,1992,137087850467.29,11686676,69.799,-0.0770060064690921,7.2,,11730.2687665244
Saudi Arabia,1993,132967957276.368,12215862,70.208,1.05579531442695,7.002,,10884.8607880777
Saudi Arabia,1994,135174899866.489,12750040,70.587,0.564325478533149,6.733,,10601.9196697805
Saudi Arabia,1995,143343124165.554,13289245,70.944,4.86843103056033,6.365,,10786.4008952769
Saudi Arabia,1996,158662483311.081,13831009,71.288,1.22206054877756,5.804,,11471.5045960191
Saudi Arabia,1997,165963684913.218,14374943,71.624,0.0571506050626489,5.283,,11545.3455998551
Saudi Arabia,1998,146775466666.667,14922185,71.957,-0.37126675171199,4.752,,9836.05729768574
Saudi Arabia,1999,161717066666.667,15472075,72.29,-1.33375489653896,4.346,,10452.1899400479
Saudi Arabia,2000,189514933333.333,16177722,72.607,-1.12499838517645,4.57,,11714.5623675159
Saudi Arabia,2001,184137600000.0,17041397,72.951,-1.12094804896791,4.618,,10805.311325122
Saudi Arabia,2002,189605866666.667,17910910,73.296,0.247186492339686,5.265,,10586.0543471363
Saudi Arabia,2003,215807733333.333,18786767,73.657,0.612195358172966,5.563,,11487.220410693
Saudi Arabia,2004,258742133333.333,19669480,74.027,0.5155078977673,5.822,,13154.4978989446
Saudi Arabia,2005,328459608764.111,20559890,74.4,0.479231671630955,6.051,,15975.7473782258
Saudi Arabia,2006,376900133511.348,21459144,74.762,2.20902314069647,6.254,,17563.6145370639
Saudi Arabia,2007,415964509673.115,22368313,75.066,4.16782358431579,5.734,,18596.1502627898
Saudi Arabia,2008,519796800000.0,23287877,75.301,9.87024816760266,5.085,,22320.4888964331
Saudi Arabia,2009,429097866666.667,24217654,75.447,5.0572227614833,5.377,91.37566,17718.3911648365
Saudi Arabia,2010,528207466666.667,23978487,75.616,5.33941733020905,5.55,97.10889,22028.3901426586
Saudi Arabia,2011,680660800000.0,25091867,75.808,5.8262163739404,5.77,97.10289,27126.7498747702
Saudi Arabia,2012,751921333333.333,26168861,76.09,2.86627029905053,5.622,99.75876,28733.4375513452
Saudi Arabia,2013,769755733333.333,27624004,76.517,3.51104209799866,5.6,97.73502,27865.465604962
Saudi Arabia,2014,787153066666.667,28309273,77.116,2.24185348779063,5.877,,27805.4850319422
Saudi Arabia,2015,693414400000.0,29816382,77.776,1.22269318552328,5.6,97.28258,23256.1549553531
Saudi Arabia,2016,689279466666.667,30954198,78.354,2.05347076823965,5.6,96.5955,22267.7217050387
Saudi Arabia,2017,741266133333.333,30977355,78.721,-0.834845735027162,5.89,95.18623,23929.2907135982
Saudi Arabia,2018,886564800000.0,30196281,78.75,2.46594308994843,6.029,94.5456,29360.0658968566
Saudi Arabia,2019,888890133333.333,30063799,78.313,-1.19298644533328,5.636,,29566.7933827436
Saudi Arabia,2020,767951200000.0,31552510,77.596,3.37234961012303,7.66,,24338.8307301067
Saudi Arabia,2021,982661066666.667,30784383,77.089,3.06328988941548,6.621,,31920.7653655643
Saudi Arabia,2022,1239075200000.0,32175224,77.31,2.47407371925372,5.589,,38510.2276211037
Saudi Arabia,2023,1218584800000.0,33702731,78.732,2.32708518362706,4.008,,36156.8562500172
Saudi Arabia,2024,1254140800000.0,35300280,78.982,1.68792112375809,3.518,,35527.786181866
Saudi Arabia,2025,1276942933333.33,36973555,,2.08420853585036,3.038,,34536.6555456551
Singapore,1980,11896256782.8566,2413945,72.190243902439,8.52694319425856,,,4928.13911785754
Singapore,1981,14175228843.6391,2532835,72.5878048780488,8.18202196816849,,,5596.58597723068
Singapore,1982,16084252378.473,2646466,72.6878048780488,3.916286779942,,,6077.63424070932
Singapore,1983,17784112149.5327,2681061,73.0365853658537,1.19641076769694,,,6633.23667366491
Singapore,1984,19749361097.965,2732221,73.290243902439,2.60098522167485,,,7228.31758410647
Singapore,1985,19156532745.7691,2735957,73.890243902439,0.480122911465343,,,7001.7667477117
Singapore,1986,18586746056.9974,2733373,74.2463414634146,-1.38570336391441,,,6799.93036332671
Singapore,1987,20919215578.2125,2774789,74.5487804878049,0.523306521949755,,,7539.02930212443
Singapore,1988,25371462488.1292,2846108,74.6975609756098,1.52318519232634,,,8914.44122574729
Singapore,1989,30465364738.6206,2930901,74.9463414634146,2.34545627195895,,,10394.5389962406
Singapore,1990,36144336768.7023,3047132,75.2951219512195,3.46075338652824,,,11861.7561591366
Singapore,1991,45466164978.2923,3135083,75.6463414634146,3.42570173078643,2.18,,14502.3799938606
Singapore,1992,52131320032.8797,3230698,75.9463414634146,2.26307118702851,3.09,,16136.2405377661
Singapore,1993,60603815716.2653,3313471,76.0463414634146,2.28929964388641,3.07,,18290.130113185
Singapore,1994,73688724431.1412,3419048,76.1975609756098,3.10013262599502,3.03,,21552.4100366948
Singapore,1995,87812540788.4293,3524506,76.2951219512195,1.72053384788524,3.3,,24914.8507020358
Singapore,1996,96293086513.0872,3670704,76.5951219512195,1.38318052481876,3.57,,26232.866096827
Singapore,1997,100123787215.299,3796038,76.8975609756097,2.00358618538962,2.5,,26375.8653668113
Singapore,1998,85728207781.7785,3927213,77.3,-0.267502292876153,3.41,,21829.2737831583
Singapore,1999,86286849754.8905,3958723,77.5512195121951,0.0167098337370727,4.85,,21796.6373891001
Singapore,2000,96076539925.7409,4027887,77.9512195121951,1.36162392448456,3.7,,23852.8389514753
Singapore,2001,89793790669.6515,4138012,78.2512195121951,0.997197956155943,3.76,,21699.7414868907
Singapore,2002,92538372869.6942,4175950,78.5512195121951,-0.391676866585049,5.65,,22159.8373710639
Singapore,2003,97646401095.6369,4114826,79.0390243902439,0.507905300237551,5.93,,23730.3840054566
Singapore,2004,115033593101.049,4166664,79.490243902439,1.66272719863072,5.84,,27608.080013423
Singapore,2005,127807848728.398,4265762,79.990243902439,0.425106276569107,5.59,,29961.3172812732
Singapore,2006,148627286361.351,4401365,80.1414634146341,0.965657519018511,4.48,,33768.4528234651
Singapore,2007,180941701357.97,4588599,80.4414634146342,2.10980166714574,3.9,,39432.8860198877
Singapore,2008,193617323539.203,4839396,80.790243902439,6.63544058395309,3.96,,40008.5720489092
Singapore,2009,194150283771.566,4987573,81.2414634146342,0.589142019610516,5.86,,38926.8054365453
Singapore,2010,239807980591.24,5076732,81.5414634146342,2.82884527612958,4.12,,47236.683084953
Singapore,2011,279356499090.458,5183688,81.7439024390244,5.25115624639373,3.89,,53891.4570264372
Singapore,2012,295092888076.589,5312437,81.9951219512195,4.58084479423094,3.72,,55547.5553077786
Singapore,2013,307576360584.992,5399162,82.2463414634147,2.36439793742726,3.86,,56967.4257940383
Singapore,2014,314863580758.455,5469724,82.4951219512195,1.03316955857629,3.74,,57564.8023114977
Singapore,2015,307998545269.398,5535002,82.7439024390244,-0.521975611895763,3.79,,55645.6068614606
Singapore,2016,320759207438.623,5607283,82.8463414634146,-0.529809760375464,4.08,99.69504,57204.0340105222
Singapore,2017,344795119213.571,5612253,83.0951219512195,0.576763191179996,4.2,99.66959,61436.1325502558
Singapore,2018,377976367877.038,5638676,83.2975609756098,0.438784215129623,3.613,,67032.8225769734
Singapore,2019,376827390962.044,5703569,83.5951219512195,0.567829988405447,3.1,,66068.7003106378
Singapore,2020,351226533656.292,5685807,83.5439024390244,-0.172111865925382,4.1,,61772.5036492256
Singapore,2021,441110903524.645,5453566,83.0926829268293,2.31610315765146,4.64,,80884.8565369236
Singapore,2022,514252535238.749,5637022,82.8951219512195,6.13095418919732,3.591,,91227.6970426492
Singapore,2023,511181761243.76,5917648,83.0975609756098,4.83372362825798,3.444,,86382.5900499252
Singapore,2024,572877260178.427,6036860,83.3463414634146,2.38951123595017,2.737,,94896.5621495988
Singapore,2025,603869516998.738,6111175,,0.902998495002676,2.818,,98813.9788172877
Sri Lanka,1980,4024621899.57653,14847974,68.006,26.1454101014465,,,271.055290073685
Sri Lanka,1981,4415844155.84416,15099414,68.38,17.9689954960101,,,292.45135975768
Sri Lanka,1982,4768765016.81884,15286567,68.665,10.8257491675687,,,311.957878889278
Sri Lanka,1983,5167913302.16745,15388794,68.726,13.9643880065001,,,335.823151714647
Sri Lanka,1984,6043474842.76729,15441860,68.761,16.6382537479217,,,391.369617569858
Sri Lanka,1985,5978460972.01767,15544154,68.881,1.48118012235429,,,384.611537689196
Sri Lanka,1986,6405210563.88294,15731256,68.962,7.97636193570627,,98.17965,407.164600454213
Sri Lanka,1987,6682167119.56522,15916576,69.009,7.71716560559269,,,419.824409443665
Sri Lanka,1988,6978371581.26375,16078621,68.995,13.9915489002075,,,434.015552780537
Sri Lanka,1989,6987267683.77254,16248557,67.284,11.5675360890558,,,430.02388973818
Sri Lanka,1990,8032551173.24014,16352458,69.239,21.495252052759,,,491.213686238493
Sri Lanka,1991,9000362581.58086,16475354,69.131,12.1856307214389,14.661,,546.292515570886
Sri Lanka,1992,9703011635.86585,16739284,69.619,11.3834370512206,14.22,,579.655117618283
Sri Lanka,1993,10338679635.7616,17025918,70.049,11.7467370174946,13.82,,607.231847102846
Sri Lanka,1994,11717604208.8223,17275773,70.211,8.44871248698348,13.03,,678.268012020205
Sri Lanka,1995,13029697560.9756,17564068,69.746,7.67484873449805,12.27,,741.838255293455
Sri Lanka,1996,13897738375.2488,17905018,69.841,15.9358310447214,11.35,,776.192371057587
Sri Lanka,1997,15091913883.7091,18248200,69.934,9.57369626405162,10.6,,827.035756058631
Sri Lanka,1998,15760736956.1852,18596003,70.134,9.36424300683229,9.17,,847.533577843861
Sri Lanka,1999,15711933513.2831,18944731,70.427,4.69170563048438,8.88,,829.356379527539
Sri Lanka,2000,16595882818.6857,19293054,71.179,6.17627591012045,7.74,,860.199884304769
Sri Lanka,2001,15749753804.8344,19600362,71.804,14.15845579912,7.9,99.72458,803.544026627385
Sri Lanka,2002,16536535647.0834,19805752,72.271,9.55103167007251,8.76,99.92302,834.936014905338
Sri Lanka,2003,18881765437.2151,19951521,72.442,6.31463787051174,8.22,99.61839,946.382255128072
Sri Lanka,2004,20662525941.2985,20087605,68.022,7.57592582995856,8.38,96.84556,1028.62068132555
Sri Lanka,2005,24405791044.7761,20216524,73.073,11.6396860971118,7.67,97.19208,1207.21994764165
Sri Lanka,2006,28267410542.5164,20352411,72.825,10.0201836057035,6.5,96.53303,1388.89739119932
Sri Lanka,2007,32350238760.4239,20492545,72.983,15.8421114924843,5.97,96.14996,1578.63451125392
Sri Lanka,2008,40713826215.0093,20629378,72.556,22.5644955300126,5.22,95.40908,1973.58476901287
Sri Lanka,2009,42066224093.0065,20756435,70.298,3.46496322106074,5.85,93.07299,2026.65939950702
Sri Lanka,2010,58636049581.1712,20879089,74.463,6.2176488930462,4.784,94.73654,2808.36245207687
Sri Lanka,2011,67753285882.299,21009048,74.74,6.7167684358854,4.118,94.87746,3224.95745082305
Sri Lanka,2012,70447216891.3366,21169458,75.187,7.54291373239437,3.88,95.23607,3327.77612404326
Sri Lanka,2013,76976204074.978,20585000,75.546,6.90845034828452,4.186,96.37795,3739.43182292825
Sri Lanka,2014,82531125461.843,20778000,75.757,3.1790022823606,4.157,97.26222,3972.04377042271
Sri Lanka,2015,85090300895.6546,20970000,75.99,3.76836783062096,4.519,98.91893,4057.71582716521
Sri Lanka,2016,88000210878.1236,21209000,76.136,3.9588884659307,4.242,98.90304,4149.19189391879
Sri Lanka,2017,94369350439.4732,21453000,76.239,7.70413767850602,4.046,99.09921,4398.88828786059
Sri Lanka,2018,94450015982.806,21670000,76.485,2.135037737132,4.318,99.10711,4358.56095905888
Sri Lanka,2019,88998706177.9986,21803000,76.698,3.52839358231811,4.67,,4081.94772178134
Sri Lanka,2020,84335574372.2997,21919000,76.928,6.15394508391738,5.364,,3847.60136741182
Sri Lanka,2021,88556699052.2008,22156000,76.278,7.01478071238195,4.981,,3996.96240531688
Sri Lanka,2022,74143020303.663,22181000,77.3,49.7211021114327,4.528,,3342.63650438046
Sri Lanka,2023,84080307355.5983,22037000,77.483,16.5411742279832,4.528,,3815.41531767474
Sri Lanka,2024,99616111265.7633,21916000,77.672,-0.42936004906973,4.239,,4545.36006870612
Sri Lanka,2025,108825231671.196,21756000,,-4.76386036960983,4.005,,5002.07904353724
Thailand,1980,32353514988.7287,45650022,62.186,19.703500522778,,,708.729450091584
Thailand,1981,34846039193.6131,46575855,62.856,12.6629930710215,,,748.156726132308
Thailand,1982,36589772403.7566,47494577,63.603,5.25907990316824,,,770.398953205891
Thailand,1983,40042798388.4951,48423309,64.5,3.7265366212408,,,826.932302137698
Thailand,1984,41797647775.6238,49351708,65.55,0.864898430279296,,,846.934168430884
Thailand,1985,38900711332.5373,50270753,66.543,2.43173123433475,,,773.823923674613
Thailand,1986,43096773980.8569,51177834,67.308,1.84167596806044,,,842.098436226451
Thailand,1987,50535446554.8769,52074105,67.833,2.46646112823956,,,970.452522513385
Thailand,1988,61667253471.3736,52969595,68.194,3.86273074733655,,,1164.20096229495
Thailand,1989,72250748099.9762,53848956,68.557,5.35546507986216,,,1341.72978395303
Thailand,1990,85343190719.0107,54738329,68.924,5.8639947437583,,,1559.11209344755
Thailand,1991,98234714971.0612,55637434,69.132,5.70985259891396,2.63,,1765.62267359529
Thailand,1992,111452746517.655,56528834,69.353,4.13914575077053,1.35,,1971.60879910694
Thailand,1993,128889262951.157,57408198,69.568,3.31219168428468,1.49,,2245.13688708983
Thailand,1994,146683778959.101,58260854,69.661,5.04774897680755,1.347,,2517.70732641683
Thailand,1995,169278916592.843,59098232,69.757,5.81818181818192,1.1,,2864.36515719866
Thailand,1996,183035237429.281,59920064,69.94,5.80510554737349,1.071,,3054.65690806473
Thailand,1997,150180456565.728,60724584,70.362,5.62579747129106,0.873,,2473.14096982086
Thailand,1998,113675596787.738,61522630,70.703,7.99472875027457,3.404,,1847.70379269771
Thailand,1999,126669211778.94,62299043,70.979,0.284726459223048,2.968,,2033.24490520569
Thailand,2000,126392224253.794,63007815,71.205,1.59196917460972,2.389,,2005.97694514234
Thailand,2001,120296476180.402,63651141,71.52,1.62690887314091,2.6,,1889.93432467144
Thailand,2002,134300904400.022,64266437,71.775,0.697308976625449,1.82,,2089.75183111554
Thailand,2003,152280615245.887,64868166,72.101,1.80434994635718,1.54,,2347.54001286066
Thailand,2004,172895685154.658,65452047,72.1,2.75914926231082,1.51,,2641.56268717857
Thailand,2005,189318408468.595,66017420,72.894,4.54036919634536,1.35,,2867.70383436062
Thailand,2006,221758296021.621,66567687,73.341,4.63747436011764,1.22,98.9104,3331.32043511773
Thailand,2007,262942621455.053,67102394,73.779,2.24154095286802,1.18,98.48923,3918.52817434581
Thailand,2008,291382982430.951,67619830,74.221,5.46848949649846,1.18,97.95392,4309.13509292986
Thailand,2009,281710630187.319,68121080,74.669,-0.845716092316721,1.49,98.08255,4135.43986952819
Thailand,2010,341104766329.17,68579447,75.012,3.24758842443725,0.622,,4973.86288823778
Thailand,2011,370818739623.622,69007208,75.302,3.81191694558332,0.66,,5373.6232832898
Thailand,2012,397558325278.579,69436098,75.59,3.00948610403357,0.58,,5725.52802835463
Thailand,2013,420333654592.547,69845114,75.96,2.18617704418967,0.249,,6018.08244729255
Thailand,2014,407339040197.651,70216367,76.279,1.89455652481545,0.576,,5801.1978916205
Thailand,2015,401296238228.084,70540795,76.563,-0.898143410569433,0.597,,5688.85335397884
Thailand,2016,413366349747.508,70859841,76.769,0.186235191075453,0.688,,5833.57715617098
Thailand,2017,456356813536.764,71160187,76.989,0.664415139830893,0.83,,6413.09182530343
Thailand,2018,506754208404.485,71376079,77.19,1.06683487370758,0.765,,7099.77650081458
Thailand,2019,543976691793.886,71522271,77.197,0.705524801910317,0.716,,7605.69657797759
Thailand,2020,500274927778.532,71641484,77.331,-0.846087518861799,1.099,,6983.03412836245
Thailand,2021,506049783824.94,71727332,77.606,1.23104516549814,1.215,,7055.18760721422
Thailand,2022,495691837308.033,71735329,75.291,6.07589952842433,0.94,,6910.00995211206
Thailand,2023,517013369475.121,71702435,76.412,1.22908986612448,0.733,,7210.54130832685
Thailand,2024,529385520941.539,71668011,76.564,0.398333333333422,0.781,,7386.63615126055
Thailand,2025,577009981112.015,71619863,,-0.133634356480207,0.781,,8056.56359761558
United Arab Emirates,1980,43599134193.0959,1015700,68.157,,,76.15229,42925.208420888
United Arab Emirates,1981,49333471894.9853,1099855,68.622,,,73.20257,44854.5234553512
United Arab Emirates,1982,46622715280.796,1166370,69.056,,,78.237,39972.4918171729
United Arab Emirates,1983,42803373389.6704,1235305,69.448,,,73.66271,34650.0446364828
United Arab Emirates,1984,41807931452.8262,1305996,69.802,,,73.48471,32012.2967090452
United Arab Emirates,1985,40603631079.4051,1377911,70.123,,,73.12173,29467.5280764905
United Arab Emirates,1986,33943568480.9469,1467383,70.41,,,73.86725,23132.0442453994
United Arab Emirates,1987,36384802310.3887,1574244,70.623,,,84.85019,23112.5558111632
United Arab Emirates,1988,36275613876.8575,1681788,70.808,,,88.24281,21569.6710149303
United Arab Emirates,1989,41464966301.7919,1789851,70.96,,,93.00106,23166.7140459133
United Arab Emirates,1990,50701374187.331,1898220,71.074,,,96.9068,26709.9567949611
United Arab Emirates,1991,51552058250.3806,2006626,71.144,,1.629,97.42814,25690.9151233865
United Arab Emirates,1992,54239188745.5001,2114730,71.166,,1.715,93.98811,25648.2807476605
United Arab Emirates,1993,55625269485.1866,2222093,71.159,,1.901,90.43338,25032.8269272198
United Arab Emirates,1994,59305111227.5034,2328188,71.204,,1.834,88.41546,25472.6470660889
United Arab Emirates,1995,65743604965.7557,2434662,71.392,,1.8,88.89034,27003.1753753727
United Arab Emirates,1996,73571217376.7336,2597564,71.82,,1.836,86.05468,28323.1586889615
United Arab Emirates,1997,78838886862.1575,2817410,72.559,,1.906,82.45285,27982.752550093
United Arab Emirates,1998,75674384204.7668,3040421,73.66,,2.068,79.37283,24889.4426807231
United Arab Emirates,1999,84445399334.7235,3266009,74.982,,2.195,,25855.8379155488
United Arab Emirates,2000,104337463730.167,3493575,76.347,,2.25,,29865.5285002232
United Arab Emirates,2001,103311631797.329,3723590,77.621,,2.443,,27745.1684523079
United Arab Emirates,2002,109816091078.603,3956826,78.721,,2.659,,27753.5810466782
United Arab Emirates,2003,124346476180.46,4192457,79.6,,2.903,,29659.5710296993
United Arab Emirates,2004,147824249957.985,4428967,80.272,,2.965,,33376.6880534412
United Arab Emirates,2005,180617467954.23,4664790,80.779,,3.12,,38719.3138285388
United Arab Emirates,2006,222116532963.026,5009100,81.155,,2.964,,44342.603055045
United Arab Emirates,2007,257916148767.436,5624635,81.438,,2.934,86.66614,45854.7352436978
United Arab Emirates,2008,315474615741.223,6302664,81.591,12.2504202448139,2.818,,50054.1700685968
United Arab Emirates,2009,253547358746.804,6707058,81.679,1.5618131744907,2.932,,37803.0663737818
United Arab Emirates,2010,307736348527.33,6869838,81.886,0.877983288285867,2.798,,44795.2846234991
United Arab Emirates,2011,368881033962.57,7104538,81.898,0.87734659568512,2.587,,51921.8890746408
United Arab Emirates,2012,392793559050.783,7391448,81.913,0.662268900269009,2.323,86.53352,53141.6251661086
United Arab Emirates,2013,409632574702.715,7693031,81.95,1.1011183637571,2.125,85.55659,53247.2278745159
United Arab Emirates,2014,424935834104.193,8059440,81.99,2.34626865671643,1.999,90.21069,52725.2307981936
United Arab Emirates,2015,381973135513.065,8505237,82.076,4.06996608361593,1.793,93.73636,44910.3458860776
United Arab Emirates,2016,381717208620.964,8935095,82.195,1.61748808904198,1.64,94.55178,42721.1136110991
United Arab Emirates,2017,403365056078.846,9223225,82.388,1.96682557818842,2.462,95.02753,43733.6242018215
United Arab Emirates,2018,440560003161.236,9346701,82.449,3.06863379251997,2.236,,47135.3478795605
United Arab Emirates,2019,433926218686.108,9445785,82.596,-1.93108114782173,2.331,,45938.6084572227
United Arab Emirates,2020,357161776271.328,9401038,81.936,-2.07940317940944,4.294,,37991.738387966
United Arab Emirates,2021,422441282436.237,9575152,79.083,0.179935336174431,3.105,,44118.4936214315
United Arab Emirates,2022,511403404642.173,10074977,80.487,5.29122604376849,2.872,,50759.7590190204
United Arab Emirates,2023,522622268401.125,10483751,82.909,1.62670837213248,2.151,,49850.6945082084
United Arab Emirates,2024,552324919095.872,10986400,83.069,1.66336510224894,2.16,,50273.5126243239
United Arab Emirates,2025,,11513149,,1.250865245598,2.174,,
Viet Nam,1980,,52490101,65.338,,,,
Viet Nam,1981,,53738141,65.779,,,93.9429,
Viet Nam,1982,,55011289,66.212,,,,
Viet Nam,1983,,56337921,66.545,,,,
Viet Nam,1984,,57706067,66.929,,,,
Viet Nam,1985,14094687820.7445,59060622,67.192,,,91.42218,238.647805313403
Viet Nam,1986,26336616250.4397,60347048,67.55,,,,436.419296772225
Viet Nam,1987,36658108850.3148,61584651,68.005,,,,595.247488701606
Viet Nam,1988,25423812648.5941,62843228,68.585,,,,404.559305078888
Viet Nam,1989,6293304974.59403,64147348,68.805,,,,98.1070172159577
Viet Nam,1990,6471740805.56984,65504552,69.027,,,,98.7983370311401
Viet Nam,1991,9613369520.41885,66891775,69.303,,2.14,,143.715270231936
Viet Nam,1992,9866990236.43587,68260337,69.62,,2.109,,144.549392371677
Viet Nam,1993,13180953598.1716,69586384,69.957,,2.037,,189.418573584332
Viet Nam,1994,16286433533.3228,70854391,70.379,,1.972,,229.857787265757
Viet Nam,1995,20736164458.9505,72049940,70.871,,1.955,,287.802661028593
Viet Nam,1996,24657470574.7501,73156447,71.296,5.67499999999992,1.93,,337.051231790277
Viet Nam,1997,26843700441.5482,74226889,71.67,3.20952606261375,2.87,,361.643884085566
Viet Nam,1998,27209602050.0452,75299660,72.283,7.26619804400963,2.29,99.69632,361.350928411167
Viet Nam,1999,28683659006.7752,76287452,72.575,4.11710235771736,2.33,98.91738,375.994455900496
Viet Nam,2000,31172518403.3162,77154011,72.746,-1.71033727851111,2.26,97.93079,404.029784055118
Viet Nam,2001,32685198808.5549,77969361,72.984,-0.43154451172818,2.76,96.20012,419.205677580901
Viet Nam,2002,35064105500.8344,78772224,73.138,3.83082838168468,2.12,93.55176,445.132861817313
Viet Nam,2003,39552513231.9169,79563777,73.236,3.23464817293925,2.25,,497.117089249256
Viet Nam,2004,45427854693.2554,80338971,73.062,7.75494748709606,2.14,,565.452284586212
Viet Nam,2005,57633255738.1992,81088313,73.198,8.28457243128667,2.078,90.70151,710.746759994861
Viet Nam,2006,66371664817.0436,82167897,73.293,7.41801715108469,2.046,91.78953,807.756645117054
Viet Nam,2007,77414425532.2452,83633375,73.385,8.34444889773847,2.026,,925.640338348717
Viet Nam,2008,99130304099.1274,85175788,73.455,23.1154483474477,1.889,97.42175,1163.83195772873
Viet Nam,2009,106014659565.214,86460018,73.525,6.71698269988631,1.737,98.5813,1226.16976051536
Viet Nam,2010,147201173196.979,87455152,73.611,9.20746648778413,1.114,98.01475,1683.16182443979
Viet Nam,2011,172595049183.925,88468314,73.713,18.6777322770706,0.999,99.32474,1950.92504174913
Viet Nam,2012,195590661129.249,89510356,73.762,9.09470339557193,1.027,98.05641,2185.11767654291
Viet Nam,2013,213708811665.34,90573104,73.821,6.59267475899192,1.316,97.96511,2359.51736472828
Viet Nam,2014,233451469642.519,91679578,73.886,4.08455446637625,1.256,,2546.38464459903
Viet Nam,2015,239258328381.741,92823254,73.955,0.631200905175685,1.848,,2577.56885340113
Viet Nam,2016,257096001177.982,94000117,73.984,2.66824816969082,1.848,,2735.0604380416
Viet Nam,2017,281353605986.903,95176977,74.026,3.52025688811618,1.874,,2956.10992127753
Viet Nam,2018,310106478394.659,96237319,74.1,3.53962805942641,1.161,,3222.31003125366
Viet Nam,2019,334365270496.667,97173776,74.211,2.79582367452244,1.681,,3440.90025375434
Viet Nam,2020,346615738537.796,98079191,75.383,3.22093436652515,2.103,,3534.03953482647
Viet Nam,2021,366474752771.009,98935098,74.145,1.83471554810462,2.383,,3704.1935590038
Viet Nam,2022,413445230668.578,99680655,74.502,3.15650749963112,1.57,,4147.69777213621
Viet Nam,2023,433805036898.465,100352192,74.588,3.25289282667662,1.645,,4322.82572261566
Viet Nam,2024,476324572783.807,100987686,74.736,3.62109273885844,1.602,,4716.6599379632
Viet Nam,2025,514697215165.065,101598527,,3.3099931421974,1.523,,5065.99091899299
